id,start.date,start.rating,end.date,end.rating,time,start.year,end.year
1,40541,6,42366,6,1825,2010,2015
2,41412,6,42366,6,954,2013,2015
3,40174,5,40479,6,305,2009,2010
3,40479,6,40905,5,426,2010,2011
3,40905,5,42366,5,1461,2011,2015
4,40905,5,41056,6,151,2011,2012
4,41056,6,42366,6,1310,2012,2015
5,40320,2,40691,3,371,2010,2011
5,40691,3,40844,2,153,2011,2011
5,40844,2,42366,2,1522,2011,2015
6,40174,4,40905,4,731,2009,2011
6,40905,4,42366,4,1461,2011,2015
7,41270,4,41445,5,175,2012,2013
7,41445,5,41635,6,190,2013,2013
7,41635,6,41778,5,143,2013,2014
7,41778,5,42366,5,588,2014,2015
8,41270,3,42366,3,1096,2012,2015
10,42001,5,42366,5,365,2014,2015
11,40174,6,40905,7,731,2009,2011
11,40905,7,41047,8,142,2011,2012
13,40174,4,41421,5,1247,2009,2013
13,41421,5,42366,5,945,2013,2015
14,40074,5,40174,5,100,2009,2009
14,40174,5,40905,5,731,2009,2011
14,40905,5,41052,6,147,2011,2012
14,41052,6,41778,5,726,2012,2014
14,41778,5,42366,5,588,2014,2015
15,41635,4,42366,4,731,2013,2015
17,39991,3,42366,3,2375,2009,2015
18,39982,6,41810,6,1828,2009,2014
18,41810,6,42366,6,556,2014,2015
20,40540,5,40752,6,212,2010,2011
20,40752,6,42366,6,1614,2011,2015
21,40348,2,42366,2,2018,2010,2015
22,42001,8,42366,8,365,2014,2015
23,39960,5,42244,5,2284,2009,2015
23,42244,5,42366,5,122,2015,2015
25,40326,4,40440,3,114,2010,2010
25,40440,3,42366,3,1926,2010,2015
26,40174,4,41778,4,1604,2009,2014
26,41778,4,42366,4,588,2014,2015
27,41787,2,42366,2,579,2014,2015
28,42001,4,42366,4,365,2014,2015
29,40510,3,42366,3,1856,2010,2015
30,40905,1,41412,3,507,2011,2013
30,41412,3,41635,5,223,2013,2013
32,41535,3,42366,3,831,2013,2015
34,40326,2,41270,3,944,2010,2012
34,41270,3,41421,3,151,2012,2013
34,41421,3,42366,3,945,2013,2015
35,41270,3,41870,3,600,2012,2014
35,41870,3,42366,3,496,2014,2015
36,40326,4,42366,4,2040,2010,2015
37,42001,2,42366,2,365,2014,2015
38,40540,3,41574,3,1034,2010,2013
38,41574,3,42366,3,792,2013,2015
39,40317,2,41049,1,732,2010,2012
39,41049,1,42366,1,1317,2012,2015
40,40144,3,41626,3,1482,2009,2013
40,41626,3,41635,3,9,2013,2013
40,41635,3,42366,3,731,2013,2015
42,41818,3,42366,3,548,2014,2015
43,40691,3,40713,4,22,2011,2011
43,40713,4,41047,4,334,2011,2012
43,41047,4,42366,5,1319,2012,2015
43,41047,5,41056,6,9,2012,2012
43,41056,6,41870,5,814,2012,2014
43,41870,5,42152,5,282,2014,2015
43,42152,5,42366,5,214,2015,2015
44,42152,4,42366,4,214,2015,2015
45,41056,1,42366,1,1310,2012,2015
46,39960,2,40783,2,823,2009,2011
46,40783,2,41270,2,487,2011,2012
46,41270,2,41635,3,365,2012,2013
46,41635,3,42366,3,731,2013,2015
47,41270,4,41421,4,151,2012,2013
47,41421,4,42366,4,945,2013,2015
48,39960,4,42366,4,2406,2009,2015
49,41056,2,42366,2,1310,2012,2015
50,40318,3,42366,3,2048,2010,2015
52,40144,4,40165,4,21,2009,2009
52,40165,4,41056,3,891,2009,2012
52,41056,3,42366,3,1310,2012,2015
53,40326,2,42366,2,2040,2010,2015
54,40531,6,40844,7,313,2010,2011
54,40844,7,41117,8,273,2011,2012
56,41056,5,41421,6,365,2012,2013
56,41421,6,42366,6,945,2013,2015
57,39960,3,40682,3,722,2009,2011
58,41809,2,42366,2,557,2014,2015
59,41787,4,42366,4,579,2014,2015
60,40019,5,40510,5,491,2009,2010
61,40415,4,42366,4,1951,2010,2015
62,39951,3,41635,3,1684,2009,2013
62,41635,3,42366,3,731,2013,2015
63,40083,3,41421,3,1338,2009,2013
63,41421,3,42366,3,945,2013,2015
64,41117,5,41421,4,304,2012,2013
64,41421,4,42366,4,945,2013,2015
65,40317,5,40691,5,374,2010,2011
65,40691,5,41270,4,579,2011,2012
65,41270,4,41787,4,517,2012,2014
65,41787,4,42366,4,579,2014,2015
66,41818,4,42366,4,548,2014,2015
67,40326,3,41421,3,1095,2010,2013
67,41421,3,41818,4,397,2013,2014
67,41818,4,41940,4,122,2014,2014
67,41940,4,42001,4,61,2014,2014
67,42001,4,42366,4,365,2014,2015
68,41875,4,42366,4,491,2014,2015
69,40479,3,42366,3,1887,2010,2015
70,40357,3,41209,4,852,2010,2012
70,41209,4,42366,4,1157,2012,2015
71,42001,4,42366,4,365,2014,2015
72,39954,4,41047,4,1093,2009,2012
72,41047,4,42366,4,1319,2012,2015
73,39960,5,40540,5,580,2009,2010
73,40540,5,41270,4,730,2010,2012
73,41270,4,42366,4,1096,2012,2015
74,40019,5,40326,5,307,2009,2010
74,40326,5,41056,4,730,2010,2012
74,41056,4,42366,4,1310,2012,2015
75,40113,3,41421,3,1308,2009,2013
75,41421,3,42366,3,945,2013,2015
76,41056,3,41473,3,417,2012,2013
77,40752,4,41544,6,792,2011,2013
77,41544,6,41635,6,91,2013,2013
77,41635,6,42366,6,731,2013,2015
78,41270,1,42366,1,1096,2012,2015
79,41787,2,42366,2,579,2014,2015
81,40905,3,41087,4,182,2011,2012
81,41087,4,42366,4,1279,2012,2015
82,40722,4,41412,4,690,2011,2013
82,41412,4,42366,4,954,2013,2015
83,39951,5,40174,5,223,2009,2009
83,40174,5,40866,6,692,2009,2011
83,40866,6,41047,6,181,2011,2012
83,41047,6,42366,6,1319,2012,2015
85,42001,4,42366,4,365,2014,2015
86,40531,5,41635,5,1104,2010,2013
86,41635,5,41787,6,152,2013,2014
86,41787,6,42366,6,579,2014,2015
87,41170,3,42366,3,1196,2012,2015
88,39951,5,40682,5,731,2009,2011
88,40682,5,42366,5,1684,2011,2015
89,40783,4,42366,4,1583,2011,2015
91,40174,2,41421,3,1247,2009,2013
92,39951,5,41565,5,1614,2009,2013
92,41565,5,42001,4,436,2013,2014
92,42001,4,42366,4,365,2014,2015
93,41078,4,42001,4,923,2012,2014
93,42001,4,42366,4,365,2014,2015
94,40326,4,42366,4,2040,2010,2015
95,42152,4,42366,4,214,2015,2015
96,40540,3,42366,3,1826,2010,2015
97,40713,5,40814,4,101,2011,2011
97,40814,4,42001,5,1187,2011,2014
97,42001,5,42366,5,365,2014,2015
98,41050,3,42366,3,1316,2012,2015
100,39951,4,40510,4,559,2009,2010
100,40510,4,41635,3,1125,2010,2013
100,41635,3,42366,3,731,2013,2015
101,41270,3,42366,3,1096,2012,2015
105,40174,3,42366,3,2192,2009,2015
106,41179,4,41421,6,242,2012,2013
106,41421,6,41605,5,184,2013,2013
106,41605,5,42366,5,761,2013,2015
107,39951,4,40682,4,731,2009,2011
107,40682,4,42366,4,1684,2011,2015
108,40174,3,41635,3,1461,2009,2013
108,41635,3,42366,3,731,2013,2015
110,40326,3,42366,3,2040,2010,2015
111,40905,2,42366,2,1461,2011,2015
111,40905,2,42366,2,1461,2011,2015
112,42001,5,42366,5,365,2014,2015
113,39960,4,40682,4,722,2009,2011
113,40682,4,42366,4,1684,2011,2015
114,41270,3,42366,3,1096,2012,2015
115,39991,3,41635,3,1644,2009,2013
115,41635,3,42366,3,731,2013,2015
116,39960,4,40325,3,365,2009,2010
116,40325,3,41787,3,1462,2010,2014
116,41787,3,42366,3,579,2014,2015
117,39960,4,40378,3,418,2009,2010
117,40378,3,42366,3,1988,2010,2015
118,42143,3,42366,4,223,2015,2015
118,42143,4,42366,4,223,2015,2015
120,39951,4,40174,4,223,2009,2009
120,40174,4,42366,4,2192,2009,2015
121,41901,4,42366,4,465,2014,2015
122,40355,3,41565,2,1210,2010,2013
122,41565,2,42366,2,801,2013,2015
123,41421,3,41778,3,357,2013,2014
123,41778,3,42366,3,588,2014,2015
124,40074,3,42366,3,2292,2009,2015
125,40174,2,42366,2,2192,2009,2015
126,41056,5,41848,4,792,2012,2014
126,41848,4,42366,4,518,2014,2015
127,40113,5,40174,5,61,2009,2009
127,40174,5,42366,6,2192,2009,2015
127,40174,6,41848,5,1674,2009,2014
127,41848,5,42366,5,518,2014,2015
128,40144,2,41270,3,1126,2009,2012
129,41778,3,42366,3,588,2014,2015
132,40540,3,40682,3,142,2010,2011
132,40682,3,42366,3,1684,2011,2015
134,39958,2,40318,2,360,2009,2010
134,40318,2,41786,2,1468,2010,2014
134,41786,2,42366,2,580,2014,2015
135,40326,3,40713,3,387,2010,2011
135,40713,3,42366,3,1653,2011,2015
137,40685,4,42366,4,1681,2011,2015
139,40174,3,40691,4,517,2009,2011
139,40691,4,42366,4,1675,2011,2015
140,42152,3,42366,3,214,2015,2015
142,40905,5,41787,4,882,2011,2014
142,41787,4,42366,4,579,2014,2015
143,40174,4,40326,3,152,2009,2010
143,40326,3,41139,3,813,2010,2012
143,41139,3,42366,3,1227,2012,2015
144,41412,4,42366,4,954,2013,2015
145,40326,3,42366,3,2040,2010,2015
146,40722,1,42366,1,1644,2011,2015
148,40317,3,42366,3,2049,2010,2015
149,41209,4,41635,3,426,2012,2013
149,41635,3,42366,3,731,2013,2015
150,40687,2,40722,2,35,2011,2011
150,40722,2,41785,2,1063,2011,2014
150,41785,2,42366,2,581,2014,2015
152,41421,2,42366,2,945,2013,2015
153,40510,4,42366,4,1856,2010,2015
154,41056,1,42366,1,1310,2012,2015
155,41513,4,42366,4,853,2013,2015
156,40174,6,40317,7,143,2009,2010
156,40317,7,40326,6,9,2010,2010
156,40326,6,41421,7,1095,2010,2013
156,41421,7,41787,6,366,2013,2014
156,41787,6,41971,6,184,2014,2014
156,41971,6,42366,6,395,2014,2015
157,41139,3,41231,3,92,2012,2012
157,41231,3,41635,3,404,2012,2013
160,40682,2,41635,3,953,2011,2013
160,41635,3,42366,3,731,2013,2015
161,39958,6,40378,6,420,2009,2010
161,40378,6,41047,7,669,2010,2012
161,41270,6,42366,7,1096,2012,2015
161,41270,7,42366,7,1096,2012,2015
162,39960,6,40107,6,147,2009,2009
162,40107,6,42366,6,2259,2009,2015
163,41270,3,42366,3,1096,2012,2015
165,41056,6,41513,7,457,2012,2013
165,41513,7,41787,6,274,2013,2014
165,41787,6,42366,6,579,2014,2015
166,40449,3,41270,3,821,2010,2012
166,41270,3,42366,4,1096,2012,2015
166,41270,4,42366,5,1096,2012,2015
166,41270,5,41635,5,365,2012,2013
166,41635,5,42366,5,731,2013,2015
167,39951,4,41818,3,1867,2009,2014
167,41818,3,42366,3,548,2014,2015
168,41870,4,42366,4,496,2014,2015
169,40326,2,40449,2,123,2010,2010
169,40449,2,42366,2,1917,2010,2015
170,40691,3,40905,3,214,2011,2011
170,40905,3,41443,4,538,2011,2013
170,41443,4,42001,5,558,2013,2014
171,40326,3,42001,3,1675,2010,2014
171,42001,3,42366,3,365,2014,2015
172,41565,3,42366,3,801,2013,2015
173,40905,2,41056,3,151,2011,2012
173,41818,2,42366,2,548,2014,2015
175,42001,4,42366,4,365,2014,2015
176,39991,5,40317,5,326,2009,2010
176,40317,5,41056,4,739,2010,2012
177,42143,2,42152,2,9,2015,2015
177,42152,2,42366,2,214,2015,2015
180,42147,2,42366,2,219,2015,2015
181,41848,4,42143,3,295,2014,2015
181,42143,3,42366,3,223,2015,2015
182,40682,3,41635,3,953,2011,2013
182,41635,3,42366,3,731,2013,2015
184,41421,3,42366,3,945,2013,2015
185,41839,3,42366,3,527,2014,2015
187,40412,2,41574,2,1162,2010,2013
187,41574,2,42366,2,792,2013,2015
188,40540,3,42366,3,1826,2010,2015
189,41117,4,42366,4,1249,2012,2015
191,41056,3,41209,4,153,2012,2012
191,41209,4,41270,4,61,2012,2012
191,41270,4,42366,5,1096,2012,2015
191,41270,5,42366,5,1096,2012,2015
192,40357,3,40682,3,325,2010,2011
192,40682,3,42366,3,1684,2011,2015
194,41209,3,41412,3,203,2012,2013
194,41412,3,42366,3,954,2013,2015
195,40540,4,41209,4,669,2010,2012
195,41209,4,42152,4,943,2012,2015
195,42152,4,42366,4,214,2015,2015
197,41635,2,42366,2,731,2013,2015
198,40173,4,41421,5,1248,2009,2013
198,41421,5,42366,5,945,2013,2015
200,39960,4,42366,4,2406,2009,2015
201,42001,4,42366,4,365,2014,2015
202,39982,5,40074,5,92,2009,2009
202,40074,5,40905,5,831,2009,2011
202,40905,5,42366,5,1461,2011,2015
203,41421,6,41787,6,366,2013,2014
203,41787,6,42366,6,579,2014,2015
204,40774,3,41056,3,282,2011,2012
204,41056,3,42366,4,1310,2012,2015
204,41056,4,41139,6,83,2012,2012
204,41139,6,41170,5,31,2012,2012
204,41170,5,41270,4,100,2012,2012
206,40348,4,40752,4,404,2010,2011
206,40752,4,41940,5,1188,2011,2014
206,41940,5,42366,5,426,2014,2015
208,41078,6,41179,6,101,2012,2012
208,41179,6,41270,5,91,2012,2012
208,41270,5,42366,5,1096,2012,2015
211,40018,2,40682,2,664,2009,2011
211,40682,2,41635,2,953,2011,2013
211,41635,2,42366,2,731,2013,2015
212,42001,4,42366,4,365,2014,2015
213,41056,4,42366,4,1310,2012,2015
214,39960,4,41209,4,1249,2009,2012
214,41209,4,42366,4,1157,2012,2015
215,41047,3,42366,3,1319,2012,2015
216,39951,2,41270,1,1319,2009,2012
216,41270,1,42366,1,1096,2012,2015
219,41605,3,42366,3,761,2013,2015
220,40418,4,42366,4,1948,2010,2015
221,40174,4,42366,4,2192,2009,2015
222,40440,3,41443,3,1003,2010,2013
222,41443,3,42366,3,923,2013,2015
223,41108,4,42366,4,1258,2012,2015
224,40479,5,40905,5,426,2010,2011
224,40905,5,41544,6,639,2011,2013
224,41544,6,41818,6,274,2013,2014
224,41818,6,42366,6,548,2014,2015
226,39960,4,42001,3,2041,2009,2014
227,41635,3,42366,3,731,2013,2015
229,40540,3,40682,3,142,2010,2011
229,40682,3,42366,3,1684,2011,2015
230,41240,4,41270,4,30,2012,2012
230,41270,4,41992,3,722,2012,2014
230,41992,3,42366,3,374,2014,2015
231,40905,3,41421,4,516,2011,2013
231,41421,4,41778,4,357,2013,2014
231,41778,4,42366,4,588,2014,2015
231,42366,4,42366,4,0,2015,2015
232,40174,3,42366,3,2192,2009,2015
233,40691,4,42366,4,1675,2011,2015
234,40479,2,42366,2,1887,2010,2015
235,40174,4,42366,4,2192,2009,2015
237,40540,3,42366,3,1826,2010,2015
238,40326,3,40682,3,356,2010,2011
238,40682,3,40905,3,223,2011,2011
238,40905,3,42366,3,1461,2011,2015
239,40682,3,41270,3,588,2011,2012
239,41270,3,42366,3,1096,2012,2015
241,39951,5,40379,4,428,2009,2010
241,40379,4,40835,4,456,2010,2011
241,40835,4,41270,3,435,2011,2012
241,41270,3,42366,3,1096,2012,2015
242,41170,5,42001,3,831,2012,2014
242,42001,3,42366,3,365,2014,2015
243,40317,3,42001,3,1684,2010,2014
243,42001,3,42366,3,365,2014,2015
244,39951,4,41931,3,1980,2009,2014
244,41931,3,42366,3,435,2014,2015
246,40326,3,40774,4,448,2010,2011
246,40774,4,41117,4,343,2011,2012
247,39951,3,40774,4,823,2009,2011
247,40774,4,40905,3,131,2011,2011
247,40905,3,41051,4,146,2011,2012
247,41051,4,42366,4,1315,2012,2015
248,40682,4,42366,5,1684,2011,2015
248,40682,5,42366,5,1684,2011,2015
248,40682,5,41270,5,588,2011,2012
248,41270,5,41412,6,142,2012,2013
248,41412,6,42183,5,771,2013,2015
248,42183,5,42366,5,183,2015,2015
249,40866,5,41179,6,313,2011,2012
249,41179,6,41421,6,242,2012,2013
249,41421,6,42366,6,945,2013,2015
250,40905,4,42366,4,1461,2011,2015
251,39951,6,40531,6,580,2009,2010
251,40531,6,40691,6,160,2010,2011
251,40691,6,41940,6,1249,2011,2014
251,41940,6,42001,6,61,2014,2014
251,42001,6,42366,6,365,2014,2015
252,40540,4,41240,4,700,2010,2012
252,41240,4,42366,4,1126,2012,2015
253,40317,5,42366,5,2049,2010,2015
254,40774,6,41421,6,647,2011,2013
254,41421,6,42366,6,945,2013,2015
255,40691,5,41605,6,914,2011,2013
255,41605,6,42366,6,761,2013,2015
256,39951,3,40691,4,740,2009,2011
256,40691,4,42366,4,1675,2011,2015
257,40835,4,41635,4,800,2011,2013
257,41635,4,41879,4,244,2013,2014
257,41879,4,42305,5,426,2014,2015
257,42305,5,42366,5,61,2015,2015
258,40752,3,42366,3,1614,2011,2015
259,40174,5,40540,5,366,2009,2010
259,40540,5,40905,6,365,2010,2011
259,40905,6,41780,5,875,2011,2014
259,41780,5,42366,5,586,2014,2015
261,41056,3,41421,4,365,2012,2013
261,41421,4,41635,4,214,2013,2013
261,41635,4,42366,4,731,2013,2015
262,40479,2,41270,1,791,2010,2012
262,41270,1,42366,1,1096,2012,2015
263,41047,5,41240,6,193,2012,2012
263,41240,6,42366,6,1126,2012,2015
264,40317,3,40713,4,396,2010,2011
264,40713,4,42305,5,1592,2011,2015
264,42305,5,42366,5,61,2015,2015
265,40317,8,42366,8,2049,2010,2015
266,40317,4,40721,4,404,2010,2011
266,40721,4,41087,3,366,2011,2012
266,41087,3,42366,3,1279,2012,2015
267,41787,3,42366,3,579,2014,2015
268,40020,6,40722,7,702,2009,2011
269,40317,4,41143,6,826,2010,2012
269,41143,6,41170,5,27,2012,2012
269,41170,5,41421,6,251,2012,2013
269,41421,6,42143,6,722,2013,2015
269,42143,6,42366,6,223,2015,2015
270,41078,5,41635,5,557,2012,2013
270,41635,5,42366,5,731,2013,2015
271,40540,3,40752,2,212,2010,2011
271,40752,2,42366,2,1614,2011,2015
272,40682,3,41047,4,365,2011,2012
272,41047,4,42366,4,1319,2012,2015
273,40691,4,41412,5,721,2011,2013
273,41412,5,41421,4,9,2013,2013
273,41421,4,41778,5,357,2013,2014
273,41778,5,42366,5,588,2014,2015
274,40814,3,42366,3,1552,2011,2015
275,39991,2,42366,2,2375,2009,2015
276,39960,2,42366,2,2406,2009,2015
277,42148,2,42366,2,218,2015,2015
279,40418,5,40682,4,264,2010,2011
280,40835,4,41056,4,221,2011,2012
280,41056,4,41544,4,488,2012,2013
280,41544,4,41635,5,91,2013,2013
280,41635,5,41783,6,148,2013,2014
280,41783,6,42366,6,583,2014,2015
281,39951,5,40540,4,589,2009,2010
281,40540,4,40774,4,234,2010,2011
282,40905,3,42366,3,1461,2011,2015
283,40540,3,40682,4,142,2010,2011
283,40682,4,41056,4,374,2011,2012
283,41056,4,41270,5,214,2012,2012
283,41270,5,41412,6,142,2012,2013
283,41412,6,42143,6,731,2013,2015
283,42143,6,42366,6,223,2015,2015
285,40174,6,42366,6,2192,2009,2015
286,40774,3,42366,3,1592,2011,2015
287,40682,3,41047,4,365,2011,2012
287,41047,4,42366,4,1319,2012,2015
288,40682,3,42366,3,1684,2011,2015
289,41240,3,42366,3,1126,2012,2015
290,41596,4,42366,4,770,2013,2015
291,40905,1,42366,1,1461,2011,2015
292,40113,4,40814,4,701,2009,2011
293,39982,4,41209,4,1227,2009,2012
293,41209,4,41635,4,426,2012,2013
293,41635,4,41779,5,144,2013,2014
293,41779,5,42366,5,587,2014,2015
294,41139,5,42366,7,1227,2012,2015
294,41139,7,41170,5,31,2012,2012
295,40691,6,40743,7,52,2011,2011
295,40743,7,42366,8,1623,2011,2015
295,40743,8,41635,7,892,2011,2013
295,41635,7,41778,7,143,2013,2014
295,41778,7,42366,7,588,2014,2015
296,40905,6,41056,6,151,2011,2012
296,41056,6,41418,7,362,2012,2013
296,41418,7,42366,7,948,2013,2015
300,42152,4,42366,4,214,2015,2015
301,40875,4,41270,4,395,2011,2012
301,41270,4,41452,4,182,2012,2013
301,41452,4,42366,4,914,2013,2015
303,41565,5,41901,5,336,2013,2014
303,41901,5,42366,5,465,2014,2015
304,40875,2,40905,1,30,2011,2011
304,40905,1,42152,2,1247,2011,2015
304,42152,2,42366,2,214,2015,2015
304,42152,2,42366,2,214,2015,2015
305,40722,4,40783,4,61,2011,2011
305,40783,4,40905,5,122,2011,2011
305,40905,5,41051,5,146,2011,2012
305,41051,5,42366,5,1315,2012,2015
306,39960,4,42366,4,2406,2009,2015
307,41421,3,42366,3,945,2013,2015
308,42152,2,42366,2,214,2015,2015
308,42152,2,42366,2,214,2015,2015
312,40021,6,42366,6,2345,2009,2015
313,41108,2,41421,3,313,2012,2013
313,41421,3,42366,3,945,2013,2015
314,40107,7,42366,7,2259,2009,2015
315,42143,5,42366,5,223,2015,2015
316,41962,4,42366,4,404,2014,2015
317,40691,8,40714,6,23,2011,2011
317,40714,6,40905,7,191,2011,2011
317,40905,7,42366,7,1461,2011,2015
318,40540,5,42001,4,1461,2010,2014
318,42001,4,42366,4,365,2014,2015
319,41513,4,42366,4,853,2013,2015
320,40021,7,40174,7,153,2009,2009
322,39951,3,40752,4,801,2009,2011
322,40752,4,41476,4,724,2011,2013
322,41476,4,42366,4,890,2013,2015
323,40144,3,40326,3,182,2009,2010
323,40326,3,40691,3,365,2010,2011
323,40691,3,42001,5,1310,2011,2014
323,42001,5,42366,5,365,2014,2015
324,41787,3,42366,3,579,2014,2015
325,40113,6,40317,6,204,2009,2010
325,40317,6,40326,6,9,2010,2010
325,40326,6,40682,7,356,2010,2011
325,40682,7,40722,7,40,2011,2011
326,41839,3,42366,3,527,2014,2015
328,39960,6,40317,5,357,2009,2010
328,40317,5,41870,5,1553,2010,2014
328,41870,5,42366,5,496,2014,2015
329,40875,4,40905,5,30,2011,2011
329,40905,5,42366,6,1461,2011,2015
329,40905,6,41078,6,173,2011,2012
329,41078,6,41574,7,496,2012,2013
329,41574,7,42366,7,792,2013,2015
330,41443,6,42366,6,923,2013,2015
331,40144,6,40540,7,396,2009,2010
331,40540,7,42366,7,1826,2010,2015
334,39960,6,39982,8,22,2009,2009
334,39982,8,40144,5,162,2009,2009
334,40144,5,40687,5,543,2009,2011
334,40687,5,42366,5,1679,2011,2015
335,40783,4,41635,3,852,2011,2013
335,41635,3,42366,3,731,2013,2015
336,41421,4,42366,4,945,2013,2015
337,41240,4,42366,4,1126,2012,2015
338,40322,3,41931,3,1609,2010,2014
338,41931,3,42366,3,435,2014,2015
339,40021,3,40144,4,123,2009,2009
339,40144,4,40682,4,538,2009,2011
339,40682,4,40905,4,223,2011,2011
339,40905,4,42275,4,1370,2011,2015
339,42275,4,42366,4,91,2015,2015
340,39960,5,41535,6,1575,2009,2013
340,41535,6,42366,6,831,2013,2015
341,41778,2,42366,2,588,2014,2015
342,40174,6,40682,6,508,2009,2011
342,40682,6,40774,7,92,2011,2011
342,40774,7,40805,8,31,2011,2011
342,40805,8,40875,7,70,2011,2011
342,40875,7,40905,6,30,2011,2011
342,40905,6,41635,7,730,2011,2013
342,41635,7,42366,7,731,2013,2015
343,41179,4,41901,3,722,2012,2014
343,41901,3,42366,3,465,2014,2015
344,40691,4,42366,4,1675,2011,2015
345,39960,5,40317,5,357,2009,2010
346,40905,4,41270,5,365,2011,2012
346,41270,5,42366,5,1096,2012,2015
347,42001,4,42366,4,365,2014,2015
348,39951,3,41818,3,1867,2009,2014
348,41818,3,42366,3,548,2014,2015
350,40021,6,40104,5,83,2009,2009
350,40104,5,40905,6,801,2009,2011
350,40905,6,41421,6,516,2011,2013
350,41421,6,41635,6,214,2013,2013
351,40326,4,40540,6,214,2010,2010
351,40540,6,42366,8,1826,2010,2015
352,40691,4,41270,4,579,2011,2012
352,41270,4,42366,4,1096,2012,2015
354,40348,4,40875,4,527,2010,2011
354,40875,4,41818,5,943,2011,2014
354,41818,5,42366,5,548,2014,2015
355,40174,6,40779,8,605,2009,2011
355,40779,8,42366,8,1587,2011,2015
356,41047,3,41635,4,588,2012,2013
356,41635,4,42001,4,366,2013,2014
356,42001,4,42366,4,365,2014,2015
357,40418,2,40540,3,122,2010,2010
357,40540,3,40835,2,295,2010,2011
357,40835,2,42366,2,1531,2011,2015
358,40174,4,40682,4,508,2009,2011
358,41179,4,42366,4,1187,2012,2015
360,40905,2,42366,2,1461,2011,2015
361,41482,4,42366,4,884,2013,2015
362,40378,3,42366,3,1988,2010,2015
364,40691,3,41482,4,791,2011,2013
364,41482,4,42366,4,884,2013,2015
365,41231,2,42366,2,1135,2012,2015
369,41056,1,42366,1,1310,2012,2015
371,40540,1,42366,1,1826,2010,2015
372,39991,3,40378,3,387,2009,2010
372,40378,3,40470,2,92,2010,2010
372,40470,2,40691,2,221,2010,2011
373,39951,3,40326,2,375,2009,2010
373,40326,2,40540,3,214,2010,2010
373,40540,3,40743,2,203,2010,2011
373,40743,2,42366,2,1623,2011,2015
374,40540,2,42366,2,1826,2010,2015
375,41971,2,42366,2,395,2014,2015
376,40074,3,40682,4,608,2009,2011
376,40682,4,41047,4,365,2011,2012
376,41047,4,41635,5,588,2012,2013
376,41635,5,42366,5,731,2013,2015
377,41412,4,42366,4,954,2013,2015
378,41635,4,42366,4,731,2013,2015
379,41602,2,42366,2,764,2013,2015
380,40351,3,42366,3,2015,2010,2015
382,40326,3,40814,2,488,2010,2011
382,40814,2,42366,2,1552,2011,2015
385,42152,5,42366,5,214,2015,2015
386,40174,6,40835,6,661,2009,2011
386,40835,6,41412,6,577,2011,2013
386,41412,6,42001,6,589,2013,2014
386,42001,6,42183,7,182,2014,2015
386,42183,7,42366,7,183,2015,2015
387,40174,3,42366,3,2192,2009,2015
388,41108,3,42366,3,1258,2012,2015
389,39960,3,41056,3,1096,2009,2012
389,41056,3,42366,3,1310,2012,2015
390,39951,2,41201,3,1250,2009,2012
390,41201,3,41635,2,434,2012,2013
390,41635,2,42366,2,731,2013,2015
391,40440,3,41270,2,830,2010,2012
392,40540,3,42366,3,1826,2010,2015
393,40540,6,40905,5,365,2010,2011
393,40905,5,41270,5,365,2011,2012
393,41270,5,41901,5,631,2012,2014
393,41901,5,42366,5,465,2014,2015
394,41839,6,41870,5,31,2014,2014
394,41870,5,42366,5,496,2014,2015
396,40540,4,40905,3,365,2010,2011
396,40905,3,42149,3,1244,2011,2015
396,42149,3,42366,3,217,2015,2015
397,41047,3,42366,3,1319,2012,2015
398,40713,2,42366,2,1653,2011,2015
401,39951,4,41778,3,1827,2009,2014
401,41778,3,41901,3,123,2014,2014
401,41901,3,42366,3,465,2014,2015
403,40113,4,41778,4,1665,2009,2014
403,41778,4,42152,3,374,2014,2015
403,42152,3,42366,3,214,2015,2015
404,40317,2,42366,2,2049,2010,2015
405,40326,2,42366,2,2040,2010,2015
406,39960,7,42366,8,2406,2009,2015
409,41270,3,42001,2,731,2012,2014
409,42001,2,42366,2,365,2014,2015
411,39951,6,40174,6,223,2009,2009
411,40174,6,40905,6,731,2009,2011
412,39954,5,40418,4,464,2009,2010
412,40418,4,41240,4,822,2010,2012
413,39960,3,40540,2,580,2009,2010
413,40540,2,42366,2,1826,2010,2015
414,41412,2,41879,2,467,2013,2014
414,41879,2,42366,2,487,2014,2015
415,40021,2,42366,2,2345,2009,2015
416,40682,3,42366,3,1684,2011,2015
417,40449,3,42366,3,1917,2010,2015
418,40905,2,42366,2,1461,2011,2015
419,40905,2,42366,2,1461,2011,2015
421,40540,4,41148,5,608,2010,2012
421,41148,5,42366,5,1218,2012,2015
422,39982,5,40326,4,344,2009,2010
422,40326,4,40743,4,417,2010,2011
422,40743,4,41054,4,311,2011,2012
422,41054,4,42366,4,1312,2012,2015
423,42001,4,42366,4,365,2014,2015
424,40537,2,41412,3,875,2010,2013
424,41412,3,42366,3,954,2013,2015
425,40326,2,41270,3,944,2010,2012
425,41270,3,41421,3,151,2012,2013
425,41421,3,42366,3,945,2013,2015
426,40905,3,41635,3,730,2011,2013
426,41635,3,42366,3,731,2013,2015
427,40479,3,42366,3,1887,2010,2015
428,40844,3,42366,3,1522,2011,2015
429,41087,4,42366,4,1279,2012,2015
430,40479,2,41078,3,599,2010,2012
430,41078,3,41412,3,334,2012,2013
430,41412,3,42366,3,954,2013,2015
431,40510,2,41056,3,546,2010,2012
431,41056,3,41482,3,426,2012,2013
431,41482,3,42366,3,884,2013,2015
432,40814,3,42366,3,1552,2011,2015
433,40110,5,40540,6,430,2009,2010
433,40540,6,40905,5,365,2010,2011
433,40905,5,41112,5,207,2011,2012
434,41635,3,42366,3,731,2013,2015
435,40682,2,40905,3,223,2011,2011
435,40905,3,41047,4,142,2011,2012
435,41047,4,41048,5,1,2012,2012
435,41048,5,41117,3,69,2012,2012
435,41117,3,41270,4,153,2012,2012
435,41270,4,42366,6,1096,2012,2015
435,41270,6,42001,5,731,2012,2014
435,42001,5,42366,5,365,2014,2015
436,40905,4,42366,4,1461,2011,2015
438,39960,3,42366,3,2406,2009,2015
439,39960,4,41270,5,1310,2009,2012
439,41270,5,41513,5,243,2012,2013
439,41513,5,41778,6,265,2013,2014
442,41200,3,42366,3,1166,2012,2015
443,39952,3,40317,3,365,2009,2010
443,40317,3,42366,3,2049,2010,2015
443,40540,3,42366,3,1826,2010,2015
444,40418,2,41412,3,994,2010,2013
444,41412,3,42001,3,589,2013,2014
444,42001,3,42366,3,365,2014,2015
445,40074,4,42366,4,2292,2009,2015
446,40326,2,41635,3,1309,2010,2013
446,41635,3,41787,3,152,2013,2014
446,41787,3,42366,3,579,2014,2015
447,41087,2,42366,2,1279,2012,2015
448,42148,4,42366,4,218,2015,2015
449,41412,3,42366,3,954,2013,2015
450,39991,5,40174,4,183,2009,2009
450,40174,4,40418,5,244,2009,2010
450,40418,5,42366,5,1948,2010,2015
450,40418,5,41047,5,629,2010,2012
451,40043,5,42366,5,2323,2009,2015
452,40540,6,40688,7,148,2010,2011
452,40688,7,40835,7,147,2011,2011
452,40835,7,40905,8,70,2011,2011
453,40326,6,42366,6,2040,2010,2015
454,40043,6,41443,5,1400,2009,2013
454,41443,5,42366,5,923,2013,2015
455,41270,4,42366,4,1096,2012,2015
456,41940,6,42366,6,426,2014,2015
457,39957,6,40743,7,786,2009,2011
457,40743,7,42001,6,1258,2011,2014
457,42001,6,42366,6,365,2014,2015
458,41635,5,41818,4,183,2013,2014
458,41818,4,42366,4,548,2014,2015
459,40805,3,41626,3,821,2011,2013
459,41626,3,42366,3,740,2013,2015
460,41412,6,42366,6,954,2013,2015
462,40052,3,41778,3,1726,2009,2014
462,41778,3,42366,3,588,2014,2015
464,41513,2,42366,2,853,2013,2015
465,40682,5,41047,6,365,2011,2012
465,41047,6,41170,6,123,2012,2012
465,41170,6,42366,6,1196,2012,2015
467,41270,4,42366,3,1096,2012,2015
467,41270,3,42366,3,1096,2012,2015
468,40540,5,42366,5,1826,2010,2015
469,40321,3,41270,3,949,2010,2012
469,41270,3,42366,3,1096,2012,2015
470,40043,3,40174,3,131,2009,2009
470,40174,3,42366,3,2192,2009,2015
471,40326,4,41270,5,944,2010,2012
471,41270,5,41778,5,508,2012,2014
471,41778,5,41839,5,61,2014,2014
471,41839,5,42366,5,527,2014,2015
472,40691,2,42336,2,1645,2011,2015
472,42336,2,42366,2,30,2015,2015
473,40052,4,40781,4,729,2009,2011
473,40781,4,41412,4,631,2011,2013
473,41412,4,42366,4,954,2013,2015
474,40326,6,41209,6,883,2010,2012
474,41209,6,41901,6,692,2012,2014
474,41901,6,42366,6,465,2014,2015
475,41870,2,42366,2,496,2014,2015
476,40510,4,40835,4,325,2010,2011
476,40835,4,42001,3,1166,2011,2014
476,42001,3,42366,3,365,2014,2015
477,41056,2,41412,3,356,2012,2013
477,41412,3,42366,3,954,2013,2015
478,41778,2,42366,2,588,2014,2015
479,39985,3,41412,4,1427,2009,2013
479,41412,4,42001,4,589,2013,2014
479,42001,4,42366,4,365,2014,2015
480,40012,3,41412,4,1400,2009,2013
480,41412,4,42001,4,589,2013,2014
480,42001,4,42366,4,365,2014,2015
481,40357,3,40835,4,478,2010,2011
481,40835,4,41056,5,221,2011,2012
481,41056,5,42366,5,1310,2012,2015
482,39954,2,42366,2,2412,2009,2015
483,40317,3,42366,3,2049,2010,2015
484,41270,3,41421,4,151,2012,2013
484,41421,4,42366,4,945,2013,2015
487,40440,3,40686,4,246,2010,2011
487,40686,4,42366,4,1680,2011,2015
488,40540,3,42366,3,1826,2010,2015
489,41268,3,41270,3,2,2012,2012
489,41270,3,41935,3,665,2012,2014
489,41935,3,42366,3,431,2014,2015
491,41779,3,42366,3,587,2014,2015
493,41452,3,42366,3,914,2013,2015
495,39951,5,39960,6,9,2009,2009
495,39960,6,41817,6,1857,2009,2014
495,41817,6,42366,6,549,2014,2015
496,41209,4,42366,4,1157,2012,2015
497,40540,2,42366,2,1826,2010,2015
498,41839,6,42366,6,527,2014,2015
499,40174,8,42366,8,2192,2009,2015
500,41412,5,41787,5,375,2013,2014
500,41787,5,42366,5,579,2014,2015
501,40174,5,40317,5,143,2009,2010
501,40317,5,40326,6,9,2010,2010
501,40326,6,40691,7,365,2010,2011
503,39951,3,41635,2,1684,2009,2013
503,41635,2,42366,2,731,2013,2015
504,40043,5,40318,4,275,2009,2010
504,40318,4,40866,5,548,2010,2011
504,40866,5,41443,6,577,2011,2013
504,41443,6,42366,6,923,2013,2015
507,40074,3,40905,3,831,2009,2011
507,40905,3,42366,3,1461,2011,2015
509,41270,4,41421,4,151,2012,2013
509,41421,4,41635,4,214,2013,2013
509,41635,4,42366,4,731,2013,2015
510,40510,3,42366,3,1856,2010,2015
511,41412,4,42366,4,954,2013,2015
512,41170,4,42366,4,1196,2012,2015
513,40317,4,41635,4,1318,2010,2013
513,41635,4,42366,4,731,2013,2015
514,41412,2,42366,2,954,2013,2015
516,40691,2,42366,2,1675,2011,2015
517,39960,4,42366,4,2406,2009,2015
520,41270,3,41778,3,508,2012,2014
520,41778,3,42366,3,588,2014,2015
521,40691,3,42366,3,1675,2011,2015
522,40326,3,41635,4,1309,2010,2013
522,41635,4,42366,4,731,2013,2015
523,39951,5,40682,4,731,2009,2011
524,40317,2,41056,1,739,2010,2012
524,41056,1,42366,1,1310,2012,2015
525,41574,4,42366,4,792,2013,2015
526,41200,3,42001,3,801,2012,2014
526,42001,3,42366,3,365,2014,2015
527,41812,3,42001,4,189,2014,2014
527,42001,4,42366,4,365,2014,2015
528,40324,5,40540,4,216,2010,2010
529,42001,3,42366,3,365,2014,2015
530,39982,6,40021,5,39,2009,2009
530,40021,5,40326,7,305,2009,2010
530,40326,7,40409,8,83,2010,2010
530,41412,7,41910,6,498,2013,2014
530,41910,6,42366,6,456,2014,2015
531,41635,2,41962,2,327,2013,2014
531,41962,2,42366,2,404,2014,2015
532,41270,3,42366,3,1096,2012,2015
533,40540,4,42366,4,1826,2010,2015
534,41209,3,42366,3,1157,2012,2015
535,40540,4,41056,4,516,2010,2012
535,41056,4,42366,4,1310,2012,2015
536,39951,3,40682,2,731,2009,2011
536,40682,2,41778,2,1096,2011,2014
536,41778,2,42366,2,588,2014,2015
538,39982,4,40387,4,405,2009,2010
538,40387,4,40783,4,396,2010,2011
538,40783,4,41839,4,1056,2011,2014
538,41839,4,42366,4,527,2014,2015
539,41047,4,42001,4,954,2012,2014
539,42001,4,42366,4,365,2014,2015
540,41635,3,41787,3,152,2013,2014
540,41787,3,42366,3,579,2014,2015
541,40905,5,41412,6,507,2011,2013
541,41412,6,42366,6,954,2013,2015
542,40691,3,41270,3,579,2011,2012
542,41270,3,42366,3,1096,2012,2015
543,40083,5,42366,5,2283,2009,2015
545,41240,3,42366,3,1126,2012,2015
546,40752,4,42001,4,1249,2011,2014
546,42001,4,42366,4,365,2014,2015
547,40691,6,40905,6,214,2011,2011
547,41605,8,42366,8,761,2013,2015
548,40540,3,42366,3,1826,2010,2015
549,41605,3,42366,3,761,2013,2015
551,41078,3,41635,2,557,2012,2013
551,41635,2,42366,2,731,2013,2015
552,41056,4,41117,3,61,2012,2012
552,41117,3,42366,3,1249,2012,2015
553,40317,6,41053,8,736,2010,2012
553,41179,7,41270,6,91,2012,2012
553,41270,6,42366,6,1096,2012,2015
554,40378,4,42366,4,1988,2010,2015
555,40682,5,40905,6,223,2011,2011
555,40905,6,41635,7,730,2011,2013
555,41635,7,42366,7,731,2013,2015
556,40905,5,42152,6,1247,2011,2015
556,42152,6,42366,6,214,2015,2015
557,40807,3,41635,3,828,2011,2013
557,41635,3,42366,3,731,2013,2015
558,40174,6,41047,6,873,2009,2012
558,41047,6,42366,6,1319,2012,2015
559,40113,6,40174,6,61,2009,2009
559,40174,6,40682,6,508,2009,2011
559,40682,6,41139,7,457,2011,2012
559,41139,7,41270,6,131,2012,2012
559,41270,6,41412,7,142,2012,2013
559,41412,7,41565,6,153,2013,2013
560,41139,3,41778,2,639,2012,2014
560,41778,2,42366,2,588,2014,2015
561,41139,2,42001,2,862,2012,2014
561,42001,2,42366,2,365,2014,2015
562,41108,3,42001,2,893,2012,2014
562,42001,2,42366,2,365,2014,2015
564,40113,4,40418,3,305,2009,2010
564,40418,3,41870,3,1452,2010,2014
564,41870,3,42366,3,496,2014,2015
566,41270,2,42366,2,1096,2012,2015
567,41261,2,42366,2,1105,2012,2015
568,41270,2,42366,2,1096,2012,2015
569,41240,3,42366,3,1126,2012,2015
570,41270,2,42366,2,1096,2012,2015
571,39960,5,40540,5,580,2009,2010
571,40540,5,40835,6,295,2010,2011
571,40835,6,42366,6,1531,2011,2015
572,42001,4,42366,4,365,2014,2015
574,41421,3,42366,3,945,2013,2015
575,40783,3,40905,2,122,2011,2011
575,40905,2,42366,2,1461,2011,2015
576,39958,4,42366,4,2408,2009,2015
577,39951,3,40540,3,589,2009,2010
577,40540,3,40682,3,142,2010,2011
577,40682,3,42366,3,1684,2011,2015
578,39951,3,40531,3,580,2009,2010
578,40531,3,40682,3,151,2010,2011
578,40682,3,42366,3,1684,2011,2015
579,40317,2,41231,3,914,2010,2012
580,40326,2,41231,3,905,2010,2012
580,41231,3,42366,3,1135,2012,2015
581,40745,6,41778,5,1033,2011,2014
581,41778,5,41992,5,214,2014,2014
581,41992,5,42366,5,374,2014,2015
582,41535,3,42366,3,831,2013,2015
583,40174,5,41482,6,1308,2009,2013
583,41482,6,42213,6,731,2013,2015
583,42213,6,42366,6,153,2015,2015
584,41452,4,42366,4,914,2013,2015
585,39953,4,40905,4,952,2009,2011
585,40905,4,41635,4,730,2011,2013
585,41635,4,42152,5,517,2013,2015
585,42152,5,42366,5,214,2015,2015
586,40682,4,41048,5,366,2011,2012
586,41048,5,42366,5,1318,2012,2015
587,41117,5,41574,5,457,2012,2013
587,41574,5,42366,5,792,2013,2015
588,40682,6,41202,6,520,2011,2012
588,41202,6,41443,7,241,2012,2013
588,41443,7,41778,7,335,2013,2014
588,41778,7,42366,7,588,2014,2015
589,40540,5,42366,5,1826,2010,2015
590,41412,5,42001,5,589,2013,2014
590,42001,5,42366,5,365,2014,2015
591,40721,2,42366,2,1645,2011,2015
592,39960,4,40905,4,945,2009,2011
593,40174,4,41056,4,882,2009,2012
593,41056,4,41200,7,144,2012,2012
593,41200,7,41240,5,40,2012,2012
593,41240,5,41635,5,395,2012,2013
593,41635,5,42366,5,731,2013,2015
594,40324,3,42366,3,2042,2010,2015
595,40409,4,41778,5,1369,2010,2014
595,41778,5,42001,4,223,2014,2014
595,42001,4,42366,4,365,2014,2015
596,40174,7,40440,6,266,2009,2010
596,40440,6,41473,6,1033,2010,2013
596,41473,6,42366,6,893,2013,2015
598,40691,7,40905,8,214,2011,2011
598,40905,8,42366,8,1461,2011,2015
599,41414,3,42366,3,952,2013,2015
600,41420,3,42366,3,946,2013,2015
601,41270,4,42143,4,873,2012,2015
601,42143,4,42366,4,223,2015,2015
602,40326,5,40774,4,448,2010,2011
602,40774,4,42366,4,1592,2011,2015
603,42001,3,42366,3,365,2014,2015
604,39960,4,41117,4,1157,2009,2012
604,41117,4,41270,4,153,2012,2012
604,41270,4,42366,5,1096,2012,2015
604,41270,5,41421,7,151,2012,2013
604,41421,7,42366,7,945,2013,2015
605,39960,4,42366,4,2406,2009,2015
606,40174,6,40317,7,143,2009,2010
606,40317,7,40774,7,457,2010,2011
607,40805,4,42366,4,1561,2011,2015
608,40682,2,42366,2,1684,2011,2015
609,40866,4,42366,4,1500,2011,2015
610,40174,5,42366,5,2192,2009,2015
611,39960,4,41056,4,1096,2009,2012
611,41056,4,41170,5,114,2012,2012
611,41170,5,41605,6,435,2012,2013
611,41605,6,42366,6,761,2013,2015
612,39982,4,40418,3,436,2009,2010
613,41087,4,42366,4,1279,2012,2015
614,40688,3,42366,3,1678,2011,2015
615,41056,4,42366,4,1310,2012,2015
615,41056,4,42366,4,1310,2012,2015
616,40470,4,40682,7,212,2010,2011
616,40682,7,40691,6,9,2011,2011
616,40691,6,40905,5,214,2011,2011
617,40174,4,42305,4,2131,2009,2015
617,42305,4,42366,4,61,2015,2015
618,40378,4,40844,3,466,2010,2011
618,40844,3,42366,3,1522,2011,2015
619,40905,3,42366,3,1461,2011,2015
620,40805,2,42366,2,1561,2011,2015
621,39951,5,40510,6,559,2009,2010
621,40510,6,40814,5,304,2010,2011
621,40814,5,42366,5,1552,2011,2015
622,41148,4,41635,4,487,2012,2013
622,41635,4,42366,4,731,2013,2015
623,40905,3,41270,3,365,2011,2012
623,41270,3,42366,3,1096,2012,2015
624,40774,3,41270,3,496,2011,2012
624,41270,3,42366,3,1096,2012,2015
625,40713,3,41270,3,557,2011,2012
625,41270,3,42366,3,1096,2012,2015
626,39960,3,40317,2,357,2009,2010
626,40317,2,41047,2,730,2010,2012
626,41047,2,42366,2,1319,2012,2015
627,40348,3,42366,3,2018,2010,2015
628,40318,5,40540,4,222,2010,2010
628,40540,4,41809,5,1269,2010,2014
628,41809,5,42366,5,557,2014,2015
629,41635,3,42366,3,731,2013,2015
630,40074,3,40479,2,405,2009,2010
631,40012,4,40326,4,314,2009,2010
631,40326,4,40835,4,509,2010,2011
631,40835,4,42366,4,1531,2011,2015
632,41240,4,41635,4,395,2012,2013
632,41635,4,42001,5,366,2013,2014
632,42001,5,42366,5,365,2014,2015
633,39956,3,41940,3,1984,2009,2014
633,41940,3,42366,3,426,2014,2015
634,40326,4,41270,3,944,2010,2012
634,41270,3,42366,3,1096,2012,2015
635,40174,6,40357,7,183,2009,2010
636,40682,4,40713,5,31,2011,2011
636,40713,5,40905,6,192,2011,2011
636,40905,6,41052,6,147,2011,2012
636,41052,6,41413,7,361,2012,2013
636,41413,7,42366,7,953,2013,2015
637,40174,5,40682,4,508,2009,2011
637,40682,4,40722,3,40,2011,2011
637,40722,3,42143,4,1421,2011,2015
637,42143,4,42366,4,223,2015,2015
638,40775,2,42001,2,1226,2011,2014
638,42001,2,42366,2,365,2014,2015
639,40083,6,40326,5,243,2009,2010
640,40682,4,41108,3,426,2011,2012
640,41108,3,42366,3,1258,2012,2015
641,40174,4,40510,5,336,2009,2010
641,40510,5,40540,6,30,2010,2010
641,40540,6,41056,7,516,2010,2012
641,41056,7,41117,6,61,2012,2012
641,41117,6,41240,7,123,2012,2012
641,41240,7,41270,8,30,2012,2012
642,41910,1,42366,1,456,2014,2015
643,40743,3,42366,3,1623,2011,2015
644,40174,4,42366,4,2192,2009,2015
645,39960,6,40682,7,722,2009,2011
645,40682,7,40905,7,223,2011,2011
646,39960,3,42001,3,2041,2009,2014
646,42001,3,42366,3,365,2014,2015
647,40510,4,41179,4,669,2010,2012
647,41179,4,42366,4,1187,2012,2015
648,40691,3,42366,3,1675,2011,2015
649,40713,6,40905,6,192,2011,2011
649,40905,6,41049,6,144,2011,2012
649,41049,6,41574,7,525,2012,2013
649,41574,7,42366,7,792,2013,2015
650,39960,4,40409,3,449,2009,2010
650,40409,3,40805,4,396,2010,2011
650,40805,4,40905,4,100,2011,2011
650,40905,4,41139,4,234,2011,2012
650,41139,4,42143,4,1004,2012,2015
650,42143,4,42366,4,223,2015,2015
651,40317,4,40905,4,588,2010,2011
651,40905,4,42366,4,1461,2011,2015
653,40805,4,42366,4,1561,2011,2015
653,42366,4,42366,4,0,2015,2015
655,40896,2,42366,2,1470,2011,2015
656,40777,2,40905,1,128,2011,2011
656,40905,1,41778,2,873,2011,2014
656,41778,2,42366,2,588,2014,2015
657,40868,2,40905,2,37,2011,2011
657,40905,2,42366,2,1461,2011,2015
658,40540,1,42366,1,1826,2010,2015
659,41270,3,42366,3,1096,2012,2015
660,40104,3,40174,3,70,2009,2009
660,40174,3,40905,4,731,2009,2011
660,40905,4,42152,4,1247,2011,2015
660,42152,4,42366,4,214,2015,2015
662,41839,6,42366,6,527,2014,2015
663,40317,3,40805,4,488,2010,2011
663,40805,4,40905,3,100,2011,2011
663,40905,3,41056,4,151,2011,2012
663,41056,4,41078,5,22,2012,2012
663,41078,5,42366,5,1288,2012,2015
664,40752,3,42366,3,1614,2011,2015
665,41870,4,42366,4,496,2014,2015
667,40752,6,42366,6,1614,2011,2015
668,40540,3,40783,3,243,2010,2011
668,40783,3,41910,2,1127,2011,2014
668,41910,2,42366,2,456,2014,2015
669,40510,3,40682,3,172,2010,2011
670,40684,2,40691,2,7,2011,2011
670,40691,2,42366,2,1675,2011,2015
671,40810,2,42366,2,1556,2011,2015
673,40540,2,41141,2,601,2010,2012
673,41141,2,42366,2,1225,2012,2015
674,41052,7,41420,7,368,2012,2013
674,41420,7,41787,8,367,2013,2014
675,40348,4,40682,7,334,2010,2011
675,40682,7,40805,8,123,2011,2011
675,40805,8,41416,6,611,2011,2013
675,41416,6,42366,6,950,2013,2015
676,40875,4,41056,5,181,2011,2012
676,41056,5,41270,5,214,2012,2012
676,41270,5,42366,5,1096,2012,2015
678,41270,3,42366,3,1096,2012,2015
680,39951,4,40317,3,366,2009,2010
680,40317,3,41818,3,1501,2010,2014
680,41818,3,41908,3,90,2014,2014
680,41908,3,42366,3,458,2014,2015
681,40326,6,40687,7,361,2010,2011
682,39951,4,40357,3,406,2009,2010
682,40357,3,42001,3,1644,2010,2014
682,42001,3,42366,3,365,2014,2015
683,39951,4,40317,3,366,2009,2010
683,40317,3,41818,3,1501,2010,2014
683,41818,3,42366,3,548,2014,2015
684,40682,3,42366,3,1684,2011,2015
685,40174,6,40905,7,731,2009,2011
685,40905,7,41482,6,577,2011,2013
685,41482,6,41635,8,153,2013,2013
686,40440,4,40844,4,404,2010,2011
686,40844,4,40905,5,61,2011,2011
686,40905,5,41117,5,212,2011,2012
686,41117,5,42366,5,1249,2012,2015
687,40682,5,40783,4,101,2011,2011
687,40783,4,41117,5,334,2011,2012
687,41117,5,42001,5,884,2012,2014
687,42001,5,42366,5,365,2014,2015
688,41416,3,41839,3,423,2013,2014
688,41839,3,42366,3,527,2014,2015
691,40449,3,41412,4,963,2010,2013
691,41412,4,42001,5,589,2013,2014
691,42001,5,42366,5,365,2014,2015
692,40409,3,40682,4,273,2010,2011
692,40682,4,41148,6,466,2011,2012
692,41148,6,41412,5,264,2012,2013
692,41412,5,41605,5,193,2013,2013
692,41605,5,42366,5,761,2013,2015
693,42001,4,42366,4,365,2014,2015
694,40691,4,42366,4,1675,2011,2015
695,41047,3,42366,3,1319,2012,2015
696,40409,3,42183,4,1774,2010,2015
696,42183,4,42366,4,183,2015,2015
697,39960,2,42366,2,2406,2009,2015
698,41535,4,42366,4,831,2013,2015
700,39951,6,41421,5,1470,2009,2013
700,41421,5,42213,6,792,2013,2015
700,42213,6,42366,6,153,2015,2015
701,40713,5,40905,5,192,2011,2011
701,40905,5,41412,6,507,2011,2013
701,41412,6,41787,7,375,2013,2014
701,41787,7,42001,7,214,2014,2014
701,42001,7,42366,8,365,2014,2015
701,42001,8,42366,8,365,2014,2015
703,41056,3,41785,4,729,2012,2014
703,41785,4,42366,4,581,2014,2015
704,40682,2,41778,2,1096,2011,2014
704,41778,2,42366,2,588,2014,2015
705,40174,3,40317,3,143,2009,2010
705,40317,3,40440,3,123,2010,2010
705,40440,3,41209,2,769,2010,2012
705,41209,2,42366,2,1157,2012,2015
706,39951,1,42366,1,2415,2009,2015
707,42244,5,42366,5,122,2015,2015
708,39951,2,42366,2,2415,2009,2015
709,39951,2,42366,2,2415,2009,2015
710,41172,3,41179,2,7,2012,2012
710,41179,2,42366,2,1187,2012,2015
711,40510,4,41047,4,537,2010,2012
711,41047,4,42366,4,1319,2012,2015
712,40540,5,40713,5,173,2010,2011
712,40713,5,42001,4,1288,2011,2014
712,42001,4,42366,4,365,2014,2015
713,39951,4,40440,5,489,2009,2010
714,41415,6,42366,6,951,2013,2015
715,40510,2,41412,2,902,2010,2013
715,41412,2,42366,2,954,2013,2015
716,40174,6,40691,5,517,2009,2011
716,40691,5,40905,6,214,2011,2011
716,40905,6,41148,6,243,2011,2012
716,41148,6,42366,6,1218,2012,2015
717,40540,3,40691,4,151,2010,2011
717,40691,4,42366,4,1675,2011,2015
718,41421,4,42366,4,945,2013,2015
719,41270,2,42366,2,1096,2012,2015
720,40479,5,41787,4,1308,2010,2014
720,41787,4,42213,3,426,2014,2015
720,42213,3,42366,3,153,2015,2015
721,40174,5,40440,6,266,2009,2010
721,40440,6,40540,5,100,2010,2010
721,40540,5,40774,5,234,2010,2011
721,40774,5,41901,6,1127,2011,2014
722,41535,6,41635,6,100,2013,2013
722,41635,6,41778,6,143,2013,2014
722,41778,6,42366,6,588,2014,2015
724,40540,4,41504,6,964,2010,2013
724,41504,6,42366,6,862,2013,2015
726,41635,4,42366,4,731,2013,2015
728,40174,6,42366,6,2192,2009,2015
729,40317,4,42366,4,2049,2010,2015
730,40540,3,40905,2,365,2010,2011
730,40905,2,42366,2,1461,2011,2015
732,42143,3,42366,3,223,2015,2015
733,40144,2,40682,2,538,2009,2011
733,40682,2,41056,2,374,2011,2012
733,41056,2,41635,3,579,2012,2013
733,41635,3,42366,3,731,2013,2015
734,40805,3,40905,3,100,2011,2011
734,40905,3,41148,4,243,2011,2012
735,40021,3,41412,4,1391,2009,2013
735,41412,4,41574,4,162,2013,2013
735,41574,4,42001,5,427,2013,2014
735,42001,5,42366,5,365,2014,2015
736,41421,4,42366,4,945,2013,2015
738,41111,5,41139,4,28,2012,2012
738,41139,4,42366,4,1227,2012,2015
739,40682,6,41418,6,736,2011,2013
739,41418,6,42152,7,734,2013,2015
739,42152,7,42244,7,92,2015,2015
739,42244,7,42366,7,122,2015,2015
741,40326,7,40540,6,214,2010,2010
741,40540,6,41270,6,730,2010,2012
741,41270,6,41412,7,142,2012,2013
742,41412,6,41635,6,223,2013,2013
742,41635,6,42366,6,731,2013,2015
743,40840,3,41117,4,277,2011,2012
743,41117,4,41635,4,518,2012,2013
743,41635,4,42145,5,510,2013,2015
743,42145,5,42366,5,221,2015,2015
745,40174,7,40348,7,174,2009,2010
747,40174,3,42366,3,2192,2009,2015
750,40083,5,40174,5,91,2009,2009
750,40174,5,40510,5,336,2009,2010
750,40510,5,41778,4,1268,2010,2014
750,41778,4,42366,4,588,2014,2015
751,39960,4,41170,4,1210,2009,2012
751,41170,4,42366,5,1196,2012,2015
751,41170,5,41544,6,374,2012,2013
751,41544,6,42366,6,822,2013,2015
752,41139,2,42366,2,1227,2012,2015
753,40317,4,42366,4,2049,2010,2015
754,40326,6,42366,6,2040,2010,2015
755,41270,7,42366,7,1096,2012,2015
756,40783,5,41047,4,264,2011,2012
756,41047,4,41931,4,884,2012,2014
756,41931,4,42366,4,435,2014,2015
759,40174,5,42366,5,2192,2009,2015
760,41787,3,42366,3,579,2014,2015
761,41047,3,42366,3,1319,2012,2015
763,40682,4,42366,4,1684,2011,2015
765,41056,3,41635,3,579,2012,2013
765,41635,3,42366,3,731,2013,2015
767,40174,2,42366,2,2192,2009,2015
769,40682,2,41635,3,953,2011,2013
770,40682,5,41270,6,588,2011,2012
770,41605,6,42366,6,761,2013,2015
771,40174,6,41574,6,1400,2009,2013
771,41574,6,41635,7,61,2013,2013
771,41635,7,42366,7,731,2013,2015
772,40866,8,40905,7,39,2011,2011
772,41635,6,42001,6,366,2013,2014
772,42001,6,42143,7,142,2014,2015
772,42143,7,42366,7,223,2015,2015
774,40540,2,42366,2,1826,2010,2015
776,40905,2,42366,2,1461,2011,2015
776,40905,2,41054,3,149,2011,2012
776,41054,3,42366,3,1312,2012,2015
777,40722,4,41047,5,325,2011,2012
777,41047,5,41270,5,223,2012,2012
777,41270,5,42366,5,1096,2012,2015
778,40144,5,42366,6,2222,2009,2015
778,40144,6,40844,6,700,2009,2011
778,40844,6,41635,6,791,2011,2013
778,41635,6,42366,6,731,2013,2015
779,41270,4,42366,4,1096,2012,2015
780,40317,2,41047,1,730,2010,2012
780,41047,1,42366,1,1319,2012,2015
781,40317,2,41047,1,730,2010,2012
781,41047,1,42366,1,1319,2012,2015
782,40317,5,40326,6,9,2010,2010
782,40326,6,40353,6,27,2010,2010
782,40353,6,41047,7,694,2010,2012
783,40378,6,40540,5,162,2010,2010
783,40540,5,40682,6,142,2010,2011
783,40682,6,42366,7,1684,2011,2015
783,40682,7,40721,7,39,2011,2011
784,40320,3,40479,4,159,2010,2010
784,40479,4,40713,4,234,2010,2011
784,40713,4,42366,4,1653,2011,2015
785,40104,4,42366,4,2262,2009,2015
786,40682,4,40844,4,162,2011,2011
786,40844,4,42366,5,1522,2011,2015
786,42366,5,42366,5,0,2015,2015
787,39951,3,40814,4,863,2009,2011
787,40814,4,41047,4,233,2011,2012
787,41047,4,41270,5,223,2012,2012
787,41270,5,41473,5,203,2012,2013
787,41473,5,42366,5,893,2013,2015
788,39951,3,40540,2,589,2009,2010
788,40540,2,41047,2,507,2010,2012
788,41047,2,42366,2,1319,2012,2015
789,41056,2,42366,2,1310,2012,2015
791,39960,3,40540,3,580,2009,2010
791,40540,3,40844,3,304,2010,2011
791,40844,3,42366,3,1522,2011,2015
793,40174,2,40905,2,731,2009,2011
793,40905,2,42366,2,1461,2011,2015
794,40174,3,42366,3,2192,2009,2015
795,41270,2,42275,2,1005,2012,2015
795,42275,2,42366,2,91,2015,2015
796,41270,2,42213,2,943,2012,2015
796,42213,2,42366,2,153,2015,2015
797,40144,7,40174,7,30,2009,2009
798,40317,2,42366,2,2049,2010,2015
799,40144,3,41839,3,1695,2009,2014
799,41839,3,42366,3,527,2014,2015
800,41778,4,42366,4,588,2014,2015
802,40052,3,42366,3,2314,2009,2015
805,41421,3,42366,3,945,2013,2015
806,40905,2,41778,2,873,2011,2014
806,41778,2,42366,2,588,2014,2015
807,40326,2,41270,2,944,2010,2012
807,41270,2,42143,2,873,2012,2015
807,42143,2,42366,2,223,2015,2015
809,41270,2,42305,2,1035,2012,2015
809,42305,2,42366,2,61,2015,2015
810,41778,2,42366,2,588,2014,2015
811,40326,3,41049,2,723,2010,2012
813,41140,2,42366,2,1226,2012,2015
815,40174,3,41412,2,1238,2009,2013
815,41412,2,42366,2,954,2013,2015
816,40540,2,41421,1,881,2010,2013
816,41421,1,42366,1,945,2013,2015
817,40326,3,42366,3,2040,2010,2015
818,40691,2,40905,2,214,2011,2011
819,41139,2,42366,2,1227,2012,2015
820,41231,2,42366,2,1135,2012,2015
821,39951,6,42366,6,2415,2009,2015
822,40409,3,41270,2,861,2010,2012
824,40326,3,41270,2,944,2010,2012
824,41270,2,42366,2,1096,2012,2015
825,40326,5,40835,6,509,2010,2011
825,40835,6,40844,6,9,2011,2011
825,40844,6,42366,6,1522,2011,2015
826,40682,5,41270,6,588,2011,2012
826,41605,7,42366,7,761,2013,2015
826,41605,7,42366,7,761,2013,2015
827,40470,3,42275,3,1805,2010,2015
827,42275,3,42366,3,91,2015,2015
828,40905,4,42366,4,1461,2011,2015
830,40409,4,41139,5,730,2010,2012
830,41139,5,41170,5,31,2012,2012
830,41170,5,41421,6,251,2012,2013
830,41421,6,42366,6,945,2013,2015
,,,,,,,
,,,,,,,
,,,,,,,
,,,,,,,
,,,,,,,
,,,,,,,
,,,,,,,
,,,,,,,
,,,,,,,
,,,,,,,
,,,,,,,
,,,,,,,
,,,,,,,
,,,,,,,
,,,,,,,
,,,,,,,
,,,,,,,
,,,,,,,
,,,,,,,
,,,,,,,
,,,,,,,
,,,,,,,
,,,,,,,
,,,,,,,
,,,,,,,
,,,,,,,
,,,,,,,
,,,,,,,
,,,,,,,
,,,,,,,
,,,,,,,
,,,,,,,
,,,,,,,
,,,,,,,
,,,,,,,
,,,,,,,
,,,,,,,
,,,,,,,
,,,,,,,
,,,,,,,
,,,,,,,
,,,,,,,
,,,,,,,
,,,,,,,
,,,,,,,
,,,,,,,
,,,,,,,
,,,,,,,
,,,,,,,
,,,,,,,
,,,,,,,
,,,,,,,
,,,,,,,
,,,,,,,
,,,,,,,
,,,,,,,
,,,,,,,
,,,,,,,
,,,,,,,
,,,,,,,
,,,,,,,
,,,,,,,
,,,,,,,
,,,,,,,
,,,,,,,
,,,,,,,
,,,,,,,
,,,,,,,
,,,,,,,
,,,,,,,
,,,,,,,
,,,,,,,
,,,,,,,
,,,,,,,
,,,,,,,
,,,,,,,
,,,,,,,
,,,,,,,
,,,,,,,
,,,,,,,
,,,,,,,
,,,,,,,
,,,,,,,
,,,,,,,
,,,,,,,
,,,,,,,
,,,,,,,
,,,,,,,
,,,,,,,
,,,,,,,
,,,,,,,
,,,,,,,
,,,,,,,
,,,,,,,
,,,,,,,
,,,,,,,
,,,,,,,
,,,,,,,
,,,,,,,
,,,,,,,
,,,,,,,
,,,,,,,
,,,,,,,
,,,,,,,
,,,,,,,
,,,,,,,
,,,,,,,
,,,,,,,
,,,,,,,
,,,,,,,
,,,,,,,
,,,,,,,
,,,,,,,
,,,,,,,
,,,,,,,
,,,,,,,
,,,,,,,
,,,,,,,
,,,,,,,
,,,,,,,
,,,,,,,
,,,,,,,
,,,,,,,
,,,,,,,
,,,,,,,
,,,,,,,
,,,,,,,
,,,,,,,
,,,,,,,
,,,,,,,
,,,,,,,
,,,,,,,
,,,,,,,
,,,,,,,
,,,,,,,
,,,,,,,
,,,,,,,
,,,,,,,
,,,,,,,
,,,,,,,
,,,,,,,
,,,,,,,
,,,,,,,
,,,,,,,
,,,,,,,
,,,,,,,
,,,,,,,
,,,,,,,
,,,,,,,
,,,,,,,
,,,,,,,
,,,,,,,
,,,,,,,
,,,,,,,
,,,,,,,
,,,,,,,
,,,,,,,
,,,,,,,
,,,,,,,
,,,,,,,
,,,,,,,
,,,,,,,
,,,,,,,
,,,,,,,
,,,,,,,
,,,,,,,
,,,,,,,
,,,,,,,
,,,,,,,
,,,,,,,
,,,,,,,
,,,,,,,
,,,,,,,
,,,,,,,
,,,,,,,
,,,,,,,
,,,,,,,
,,,,,,,
,,,,,,,
,,,,,,,
,,,,,,,
,,,,,,,
,,,,,,,
,,,,,,,
,,,,,,,
,,,,,,,
,,,,,,,
,,,,,,,
,,,,,,,
,,,,,,,
,,,,,,,
,,,,,,,
,,,,,,,
,,,,,,,
,,,,,,,
,,,,,,,
,,,,,,,
,,,,,,,
,,,,,,,
,,,,,,,
,,,,,,,
,,,,,,,
,,,,,,,
,,,,,,,
,,,,,,,
,,,,,,,
,,,,,,,
,,,,,,,
,,,,,,,
,,,,,,,
,,,,,,,
,,,,,,,
,,,,,,,
,,,,,,,
,,,,,,,
,,,,,,,
,,,,,,,
,,,,,,,
,,,,,,,
,,,,,,,
,,,,,,,
,,,,,,,
,,,,,,,
,,,,,,,
,,,,,,,
,,,,,,,
,,,,,,,
,,,,,,,
,,,,,,,
,,,,,,,
,,,,,,,
,,,,,,,
,,,,,,,
,,,,,,,
,,,,,,,
,,,,,,,
,,,,,,,
,,,,,,,
,,,,,,,
,,,,,,,
,,,,,,,
,,,,,,,
,,,,,,,
,,,,,,,
,,,,,,,
,,,,,,,
,,,,,,,
,,,,,,,
,,,,,,,
,,,,,,,
,,,,,,,
,,,,,,,
,,,,,,,
,,,,,,,
,,,,,,,
,,,,,,,
,,,,,,,
,,,,,,,
,,,,,,,
,,,,,,,
,,,,,,,
,,,,,,,
,,,,,,,
,,,,,,,
,,,,,,,
,,,,,,,
,,,,,,,
,,,,,,,
,,,,,,,
,,,,,,,
,,,,,,,
,,,,,,,
,,,,,,,
,,,,,,,
,,,,,,,
,,,,,,,
,,,,,,,
,,,,,,,
,,,,,,,
,,,,,,,
,,,,,,,
,,,,,,,
,,,,,,,
,,,,,,,
,,,,,,,
,,,,,,,
,,,,,,,
,,,,,,,
,,,,,,,
,,,,,,,
,,,,,,,
,,,,,,,
,,,,,,,
,,,,,,,
,,,,,,,
,,,,,,,
,,,,,,,
,,,,,,,
,,,,,,,
,,,,,,,
,,,,,,,
,,,,,,,
,,,,,,,
,,,,,,,
,,,,,,,
,,,,,,,
,,,,,,,
,,,,,,,
,,,,,,,
,,,,,,,
,,,,,,,
,,,,,,,
,,,,,,,
,,,,,,,
,,,,,,,
,,,,,,,
,,,,,,,
,,,,,,,
,,,,,,,
,,,,,,,
,,,,,,,
,,,,,,,
,,,,,,,
,,,,,,,
,,,,,,,
,,,,,,,
,,,,,,,
,,,,,,,
,,,,,,,
,,,,,,,
,,,,,,,
,,,,,,,
,,,,,,,
,,,,,,,
,,,,,,,
,,,,,,,
,,,,,,,
,,,,,,,
,,,,,,,
,,,,,,,
,,,,,,,
,,,,,,,
,,,,,,,
,,,,,,,
,,,,,,,
,,,,,,,
,,,,,,,
,,,,,,,
,,,,,,,
,,,,,,,
,,,,,,,
,,,,,,,
,,,,,,,
,,,,,,,
,,,,,,,
,,,,,,,
,,,,,,,
,,,,,,,
,,,,,,,
,,,,,,,
,,,,,,,
,,,,,,,
,,,,,,,
,,,,,,,
,,,,,,,
,,,,,,,
,,,,,,,
,,,,,,,
,,,,,,,
,,,,,,,
,,,,,,,
,,,,,,,
,,,,,,,
,,,,,,,
,,,,,,,
,,,,,,,
,,,,,,,
,,,,,,,
,,,,,,,
,,,,,,,
,,,,,,,
,,,,,,,
,,,,,,,
,,,,,,,
,,,,,,,
,,,,,,,
,,,,,,,
,,,,,,,
,,,,,,,
,,,,,,,
,,,,,,,
,,,,,,,
,,,,,,,
,,,,,,,
,,,,,,,
,,,,,,,
,,,,,,,
,,,,,,,
,,,,,,,
,,,,,,,
,,,,,,,
,,,,,,,
,,,,,,,
,,,,,,,
,,,,,,,
,,,,,,,
,,,,,,,
,,,,,,,
,,,,,,,
,,,,,,,
,,,,,,,
,,,,,,,
,,,,,,,
,,,,,,,
,,,,,,,
,,,,,,,
,,,,,,,
,,,,,,,
,,,,,,,
,,,,,,,
,,,,,,,
,,,,,,,
,,,,,,,
,,,,,,,
,,,,,,,
,,,,,,,
,,,,,,,
,,,,,,,
,,,,,,,
,,,,,,,
,,,,,,,
,,,,,,,
,,,,,,,
,,,,,,,
,,,,,,,
,,,,,,,
,,,,,,,
,,,,,,,
,,,,,,,
,,,,,,,
,,,,,,,
,,,,,,,
,,,,,,,
,,,,,,,
,,,,,,,
,,,,,,,
,,,,,,,
,,,,,,,
,,,,,,,
,,,,,,,
,,,,,,,
,,,,,,,
,,,,,,,
,,,,,,,
,,,,,,,
,,,,,,,
,,,,,,,
,,,,,,,
,,,,,,,
,,,,,,,
,,,,,,,
,,,,,,,
,,,,,,,
,,,,,,,
,,,,,,,
,,,,,,,
,,,,,,,
,,,,,,,
,,,,,,,
,,,,,,,
,,,,,,,
,,,,,,,
,,,,,,,
,,,,,,,
,,,,,,,
,,,,,,,
,,,,,,,
,,,,,,,
,,,,,,,
,,,,,,,
,,,,,,,
,,,,,,,
,,,,,,,
,,,,,,,
,,,,,,,
,,,,,,,
,,,,,,,
,,,,,,,
,,,,,,,
,,,,,,,
,,,,,,,
,,,,,,,
,,,,,,,
,,,,,,,
,,,,,,,
,,,,,,,
,,,,,,,
,,,,,,,
,,,,,,,
,,,,,,,
,,,,,,,
,,,,,,,
,,,,,,,
,,,,,,,
,,,,,,,
,,,,,,,
,,,,,,,
,,,,,,,
,,,,,,,
,,,,,,,
,,,,,,,
,,,,,,,
,,,,,,,
,,,,,,,
,,,,,,,
,,,,,,,
,,,,,,,
,,,,,,,
,,,,,,,
,,,,,,,
,,,,,,,
,,,,,,,
,,,,,,,
,,,,,,,
,,,,,,,
,,,,,,,
,,,,,,,
,,,,,,,
,,,,,,,
,,,,,,,
,,,,,,,
,,,,,,,
,,,,,,,
,,,,,,,
,,,,,,,
,,,,,,,
,,,,,,,
,,,,,,,
,,,,,,,
,,,,,,,
,,,,,,,
,,,,,,,
,,,,,,,
,,,,,,,
,,,,,,,
,,,,,,,
,,,,,,,
,,,,,,,
,,,,,,,
,,,,,,,
,,,,,,,
,,,,,,,
,,,,,,,
,,,,,,,
,,,,,,,
,,,,,,,
,,,,,,,
,,,,,,,
,,,,,,,
,,,,,,,
,,,,,,,
,,,,,,,
,,,,,,,
,,,,,,,
,,,,,,,
,,,,,,,
,,,,,,,
,,,,,,,
,,,,,,,
,,,,,,,
,,,,,,,
,,,,,,,
,,,,,,,
,,,,,,,
,,,,,,,
,,,,,,,
,,,,,,,
,,,,,,,
,,,,,,,
,,,,,,,
,,,,,,,
,,,,,,,
,,,,,,,
,,,,,,,
,,,,,,,
,,,,,,,
,,,,,,,
,,,,,,,
,,,,,,,
,,,,,,,
,,,,,,,
,,,,,,,
,,,,,,,
,,,,,,,
,,,,,,,
,,,,,,,
,,,,,,,
,,,,,,,
,,,,,,,
,,,,,,,
,,,,,,,
,,,,,,,
,,,,,,,
,,,,,,,
,,,,,,,
,,,,,,,
,,,,,,,
,,,,,,,
,,,,,,,
,,,,,,,
,,,,,,,
,,,,,,,
,,,,,,,
,,,,,,,
,,,,,,,
,,,,,,,
,,,,,,,
,,,,,,,
,,,,,,,
,,,,,,,
,,,,,,,
,,,,,,,
,,,,,,,
,,,,,,,
,,,,,,,
,,,,,,,
,,,,,,,
,,,,,,,
,,,,,,,
,,,,,,,
,,,,,,,
,,,,,,,
,,,,,,,
,,,,,,,
,,,,,,,
,,,,,,,
,,,,,,,
,,,,,,,
,,,,,,,
,,,,,,,
,,,,,,,
,,,,,,,
,,,,,,,
,,,,,,,
,,,,,,,
,,,,,,,
,,,,,,,
,,,,,,,
,,,,,,,
,,,,,,,
,,,,,,,
,,,,,,,
,,,,,,,
,,,,,,,
,,,,,,,
,,,,,,,
,,,,,,,
,,,,,,,
,,,,,,,
,,,,,,,
,,,,,,,
,,,,,,,
,,,,,,,
,,,,,,,
,,,,,,,
,,,,,,,
,,,,,,,
,,,,,,,
,,,,,,,
,,,,,,,
,,,,,,,
,,,,,,,
,,,,,,,
,,,,,,,
,,,,,,,
,,,,,,,
,,,,,,,
,,,,,,,
,,,,,,,
,,,,,,,
,,,,,,,
,,,,,,,
,,,,,,,
,,,,,,,
,,,,,,,
,,,,,,,
,,,,,,,
,,,,,,,
,,,,,,,
,,,,,,,
,,,,,,,
,,,,,,,
,,,,,,,
,,,,,,,
,,,,,,,
,,,,,,,
,,,,,,,
,,,,,,,
,,,,,,,
,,,,,,,
,,,,,,,
,,,,,,,
,,,,,,,
,,,,,,,
,,,,,,,
,,,,,,,
,,,,,,,
,,,,,,,
,,,,,,,
,,,,,,,
,,,,,,,
,,,,,,,
,,,,,,,
,,,,,,,
,,,,,,,
,,,,,,,
,,,,,,,
,,,,,,,
,,,,,,,
,,,,,,,
,,,,,,,
,,,,,,,
,,,,,,,
,,,,,,,
,,,,,,,
,,,,,,,
,,,,,,,
,,,,,,,
,,,,,,,
,,,,,,,
,,,,,,,
,,,,,,,
,,,,,,,
,,,,,,,
,,,,,,,
,,,,,,,
,,,,,,,
,,,,,,,
,,,,,,,
,,,,,,,
,,,,,,,
,,,,,,,
,,,,,,,
,,,,,,,
,,,,,,,
,,,,,,,
,,,,,,,
,,,,,,,
,,,,,,,
,,,,,,,
,,,,,,,
,,,,,,,
,,,,,,,
,,,,,,,
,,,,,,,
,,,,,,,
,,,,,,,
,,,,,,,
,,,,,,,
,,,,,,,
,,,,,,,
,,,,,,,
,,,,,,,
,,,,,,,
,,,,,,,
,,,,,,,
,,,,,,,
,,,,,,,
,,,,,,,
,,,,,,,
,,,,,,,
,,,,,,,
,,,,,,,
,,,,,,,
,,,,,,,
,,,,,,,
,,,,,,,
,,,,,,,
,,,,,,,
,,,,,,,
,,,,,,,
,,,,,,,
,,,,,,,
,,,,,,,
,,,,,,,
,,,,,,,
,,,,,,,
,,,,,,,
,,,,,,,
,,,,,,,
,,,,,,,
,,,,,,,
,,,,,,,
,,,,,,,
,,,,,,,
,,,,,,,
,,,,,,,
,,,,,,,
,,,,,,,
,,,,,,,
,,,,,,,
,,,,,,,
,,,,,,,
,,,,,,,
,,,,,,,
,,,,,,,
,,,,,,,
,,,,,,,
,,,,,,,
,,,,,,,
,,,,,,,
,,,,,,,
,,,,,,,
,,,,,,,
,,,,,,,
,,,,,,,
,,,,,,,
,,,,,,,
,,,,,,,
,,,,,,,
,,,,,,,
,,,,,,,
,,,,,,,
,,,,,,,
,,,,,,,
,,,,,,,
,,,,,,,
,,,,,,,
,,,,,,,
,,,,,,,
,,,,,,,
,,,,,,,
,,,,,,,
,,,,,,,
,,,,,,,
,,,,,,,
,,,,,,,
,,,,,,,
,,,,,,,
,,,,,,,
,,,,,,,
,,,,,,,
,,,,,,,
,,,,,,,
,,,,,,,
,,,,,,,
,,,,,,,
,,,,,,,
,,,,,,,
,,,,,,,
,,,,,,,
,,,,,,,
,,,,,,,
,,,,,,,
,,,,,,,
,,,,,,,
,,,,,,,
,,,,,,,
,,,,,,,
,,,,,,,
,,,,,,,
,,,,,,,
,,,,,,,
,,,,,,,
,,,,,,,
,,,,,,,
,,,,,,,
,,,,,,,
,,,,,,,
,,,,,,,
,,,,,,,
,,,,,,,
,,,,,,,
,,,,,,,
,,,,,,,
,,,,,,,
,,,,,,,
,,,,,,,
,,,,,,,
,,,,,,,
,,,,,,,
,,,,,,,
,,,,,,,
,,,,,,,
,,,,,,,
,,,,,,,
,,,,,,,
,,,,,,,
,,,,,,,
,,,,,,,
,,,,,,,
,,,,,,,
,,,,,,,
,,,,,,,
,,,,,,,
,,,,,,,
,,,,,,,
,,,,,,,
,,,,,,,
,,,,,,,
,,,,,,,
,,,,,,,
,,,,,,,
,,,,,,,
,,,,,,,
,,,,,,,
,,,,,,,
,,,,,,,
,,,,,,,
,,,,,,,
,,,,,,,
,,,,,,,
,,,,,,,
,,,,,,,
,,,,,,,
,,,,,,,
,,,,,,,
,,,,,,,
,,,,,,,
,,,,,,,
,,,,,,,
,,,,,,,
,,,,,,,
,,,,,,,
,,,,,,,
,,,,,,,
,,,,,,,
,,,,,,,
,,,,,,,
,,,,,,,
,,,,,,,
,,,,,,,
,,,,,,,
,,,,,,,
,,,,,,,
,,,,,,,
,,,,,,,
,,,,,,,
,,,,,,,
,,,,,,,
,,,,,,,
,,,,,,,
,,,,,,,
,,,,,,,
,,,,,,,
,,,,,,,
,,,,,,,
,,,,,,,
,,,,,,,
,,,,,,,
,,,,,,,
,,,,,,,
,,,,,,,
,,,,,,,
,,,,,,,
,,,,,,,
,,,,,,,
,,,,,,,
,,,,,,,
,,,,,,,
,,,,,,,
,,,,,,,
,,,,,,,
,,,,,,,
,,,,,,,
,,,,,,,
,,,,,,,
,,,,,,,
,,,,,,,
,,,,,,,
,,,,,,,
,,,,,,,
,,,,,,,
,,,,,,,
,,,,,,,
,,,,,,,
,,,,,,,
,,,,,,,
,,,,,,,
,,,,,,,
,,,,,,,
,,,,,,,
,,,,,,,
,,,,,,,
,,,,,,,
,,,,,,,
,,,,,,,
,,,,,,,
,,,,,,,
,,,,,,,
,,,,,,,
,,,,,,,
,,,,,,,
,,,,,,,
,,,,,,,
,,,,,,,
,,,,,,,
,,,,,,,
,,,,,,,
,,,,,,,
,,,,,,,
,,,,,,,
,,,,,,,
,,,,,,,
,,,,,,,
,,,,,,,
,,,,,,,
,,,,,,,
,,,,,,,
,,,,,,,
,,,,,,,
,,,,,,,
,,,,,,,
,,,,,,,
,,,,,,,
,,,,,,,
,,,,,,,
,,,,,,,
,,,,,,,
,,,,,,,
,,,,,,,
,,,,,,,
,,,,,,,
,,,,,,,
,,,,,,,
,,,,,,,
,,,,,,,
,,,,,,,
,,,,,,,
,,,,,,,
,,,,,,,
,,,,,,,
,,,,,,,
,,,,,,,
,,,,,,,
,,,,,,,
,,,,,,,
,,,,,,,
,,,,,,,
,,,,,,,
,,,,,,,
,,,,,,,
,,,,,,,
,,,,,,,
,,,,,,,
,,,,,,,
,,,,,,,
,,,,,,,
,,,,,,,
,,,,,,,
,,,,,,,
,,,,,,,
,,,,,,,
,,,,,,,
,,,,,,,
,,,,,,,
,,,,,,,
,,,,,,,
,,,,,,,
,,,,,,,
,,,,,,,
,,,,,,,
,,,,,,,
,,,,,,,
,,,,,,,
,,,,,,,
,,,,,,,
,,,,,,,
,,,,,,,
,,,,,,,
,,,,,,,
,,,,,,,
,,,,,,,
,,,,,,,
,,,,,,,
,,,,,,,
,,,,,,,
,,,,,,,
,,,,,,,
,,,,,,,
,,,,,,,
,,,,,,,
,,,,,,,
,,,,,,,
,,,,,,,
,,,,,,,
,,,,,,,
,,,,,,,
,,,,,,,
,,,,,,,
,,,,,,,
,,,,,,,
,,,,,,,
,,,,,,,
,,,,,,,
,,,,,,,
,,,,,,,
,,,,,,,
,,,,,,,
,,,,,,,
,,,,,,,
,,,,,,,
,,,,,,,
,,,,,,,
,,,,,,,
,,,,,,,
,,,,,,,
,,,,,,,
,,,,,,,
,,,,,,,
,,,,,,,
,,,,,,,
,,,,,,,
,,,,,,,
,,,,,,,
,,,,,,,
,,,,,,,
,,,,,,,
,,,,,,,
,,,,,,,
,,,,,,,
,,,,,,,
,,,,,,,
,,,,,,,
,,,,,,,
,,,,,,,
,,,,,,,
,,,,,,,
,,,,,,,
,,,,,,,
,,,,,,,
,,,,,,,
,,,,,,,
,,,,,,,
,,,,,,,
,,,,,,,
,,,,,,,
,,,,,,,
,,,,,,,
,,,,,,,
,,,,,,,
,,,,,,,
,,,,,,,
,,,,,,,
,,,,,,,
,,,,,,,
,,,,,,,
,,,,,,,
,,,,,,,
,,,,,,,
,,,,,,,
,,,,,,,
,,,,,,,
,,,,,,,
,,,,,,,
,,,,,,,
,,,,,,,
,,,,,,,
,,,,,,,
,,,,,,,
,,,,,,,
,,,,,,,
,,,,,,,
,,,,,,,
,,,,,,,
,,,,,,,
,,,,,,,
,,,,,,,
,,,,,,,
,,,,,,,
,,,,,,,
,,,,,,,
,,,,,,,
,,,,,,,
,,,,,,,
,,,,,,,
,,,,,,,
,,,,,,,
,,,,,,,
,,,,,,,
,,,,,,,
,,,,,,,
,,,,,,,
,,,,,,,
,,,,,,,
,,,,,,,
,,,,,,,
,,,,,,,
,,,,,,,
,,,,,,,
,,,,,,,
,,,,,,,
,,,,,,,
,,,,,,,
,,,,,,,
,,,,,,,
,,,,,,,
,,,,,,,
,,,,,,,
,,,,,,,
,,,,,,,
,,,,,,,
,,,,,,,
,,,,,,,
,,,,,,,
,,,,,,,
,,,,,,,
,,,,,,,
,,,,,,,
,,,,,,,
,,,,,,,
,,,,,,,
,,,,,,,
,,,,,,,
,,,,,,,
,,,,,,,
,,,,,,,
,,,,,,,
,,,,,,,
,,,,,,,
,,,,,,,
,,,,,,,
,,,,,,,
,,,,,,,
,,,,,,,
,,,,,,,
,,,,,,,
,,,,,,,
,,,,,,,
,,,,,,,
,,,,,,,
,,,,,,,
,,,,,,,
,,,,,,,
,,,,,,,
,,,,,,,
,,,,,,,
,,,,,,,
,,,,,,,
,,,,,,,
,,,,,,,
,,,,,,,
,,,,,,,
,,,,,,,
,,,,,,,
,,,,,,,
,,,,,,,
,,,,,,,
,,,,,,,
,,,,,,,
,,,,,,,
,,,,,,,
,,,,,,,
,,,,,,,
,,,,,,,
,,,,,,,
,,,,,,,
,,,,,,,
,,,,,,,
,,,,,,,
,,,,,,,
,,,,,,,
,,,,,,,
,,,,,,,
,,,,,,,
,,,,,,,
,,,,,,,
,,,,,,,
,,,,,,,
,,,,,,,
,,,,,,,
,,,,,,,
,,,,,,,
,,,,,,,
,,,,,,,
,,,,,,,
,,,,,,,
,,,,,,,
,,,,,,,
,,,,,,,
,,,,,,,
,,,,,,,
,,,,,,,
,,,,,,,
,,,,,,,
,,,,,,,
,,,,,,,
,,,,,,,
,,,,,,,
,,,,,,,
,,,,,,,
,,,,,,,
,,,,,,,
,,,,,,,
,,,,,,,
,,,,,,,
,,,,,,,
,,,,,,,
,,,,,,,
,,,,,,,
,,,,,,,
,,,,,,,
,,,,,,,
,,,,,,,
,,,,,,,
,,,,,,,
,,,,,,,
,,,,,,,
,,,,,,,
,,,,,,,
,,,,,,,
,,,,,,,
,,,,,,,
,,,,,,,
,,,,,,,
,,,,,,,
,,,,,,,
,,,,,,,
,,,,,,,
,,,,,,,
,,,,,,,
,,,,,,,
,,,,,,,
,,,,,,,
,,,,,,,
,,,,,,,
,,,,,,,
,,,,,,,
,,,,,,,
,,,,,,,
,,,,,,,
,,,,,,,
,,,,,,,
,,,,,,,
,,,,,,,
,,,,,,,
,,,,,,,
,,,,,,,
,,,,,,,
,,,,,,,
,,,,,,,
,,,,,,,
,,,,,,,
,,,,,,,
,,,,,,,
,,,,,,,
,,,,,,,
,,,,,,,
,,,,,,,
,,,,,,,
,,,,,,,
,,,,,,,
,,,,,,,
,,,,,,,
,,,,,,,
,,,,,,,
,,,,,,,
,,,,,,,
,,,,,,,
,,,,,,,
,,,,,,,
,,,,,,,
,,,,,,,
,,,,,,,
,,,,,,,
,,,,,,,
,,,,,,,
,,,,,,,
,,,,,,,
,,,,,,,
,,,,,,,
,,,,,,,
,,,,,,,
,,,,,,,
,,,,,,,
,,,,,,,
,,,,,,,
,,,,,,,
,,,,,,,
,,,,,,,
,,,,,,,
,,,,,,,
,,,,,,,
,,,,,,,
,,,,,,,
,,,,,,,
,,,,,,,
,,,,,,,
,,,,,,,
,,,,,,,
,,,,,,,
,,,,,,,
,,,,,,,
,,,,,,,
,,,,,,,
,,,,,,,
,,,,,,,
,,,,,,,
,,,,,,,
,,,,,,,
,,,,,,,
,,,,,,,
,,,,,,,
,,,,,,,
,,,,,,,
,,,,,,,
,,,,,,,
,,,,,,,
,,,,,,,
,,,,,,,
,,,,,,,
,,,,,,,
,,,,,,,
,,,,,,,
,,,,,,,
,,,,,,,
,,,,,,,
,,,,,,,
,,,,,,,
,,,,,,,
,,,,,,,
,,,,,,,
,,,,,,,
,,,,,,,
,,,,,,,
,,,,,,,
,,,,,,,
,,,,,,,
,,,,,,,
,,,,,,,
,,,,,,,
,,,,,,,
,,,,,,,
,,,,,,,
,,,,,,,
,,,,,,,
,,,,,,,
,,,,,,,
,,,,,,,
,,,,,,,
,,,,,,,
,,,,,,,
,,,,,,,
,,,,,,,
,,,,,,,
,,,,,,,
,,,,,,,
,,,,,,,
,,,,,,,
,,,,,,,
,,,,,,,
,,,,,,,
,,,,,,,
,,,,,,,
,,,,,,,
,,,,,,,
,,,,,,,
,,,,,,,
,,,,,,,
,,,,,,,
,,,,,,,
,,,,,,,
,,,,,,,
,,,,,,,
,,,,,,,
,,,,,,,
,,,,,,,
,,,,,,,
,,,,,,,
,,,,,,,
,,,,,,,
,,,,,,,
,,,,,,,
,,,,,,,
,,,,,,,
,,,,,,,
,,,,,,,
,,,,,,,
,,,,,,,
,,,,,,,
,,,,,,,
,,,,,,,
,,,,,,,
,,,,,,,
,,,,,,,
,,,,,,,
,,,,,,,
,,,,,,,
,,,,,,,
,,,,,,,
,,,,,,,
,,,,,,,
,,,,,,,
,,,,,,,
,,,,,,,
,,,,,,,
,,,,,,,
,,,,,,,
,,,,,,,
,,,,,,,
,,,,,,,
,,,,,,,
,,,,,,,
,,,,,,,
,,,,,,,
,,,,,,,
,,,,,,,
,,,,,,,
,,,,,,,
,,,,,,,
,,,,,,,
,,,,,,,
,,,,,,,
,,,,,,,
,,,,,,,
,,,,,,,
,,,,,,,
,,,,,,,
,,,,,,,
,,,,,,,
,,,,,,,
,,,,,,,
,,,,,,,
,,,,,,,
,,,,,,,
,,,,,,,
,,,,,,,
,,,,,,,
,,,,,,,
,,,,,,,
,,,,,,,
,,,,,,,
,,,,,,,
,,,,,,,
,,,,,,,
,,,,,,,
,,,,,,,
,,,,,,,
,,,,,,,
,,,,,,,
,,,,,,,
,,,,,,,
,,,,,,,
,,,,,,,
,,,,,,,
,,,,,,,
,,,,,,,
,,,,,,,
,,,,,,,
,,,,,,,
,,,,,,,
,,,,,,,
,,,,,,,
,,,,,,,
,,,,,,,
,,,,,,,
,,,,,,,
,,,,,,,
,,,,,,,
,,,,,,,
,,,,,,,
,,,,,,,
,,,,,,,
,,,,,,,
,,,,,,,
,,,,,,,
,,,,,,,
,,,,,,,
,,,,,,,
,,,,,,,
,,,,,,,
,,,,,,,
,,,,,,,
,,,,,,,
,,,,,,,
,,,,,,,
,,,,,,,
,,,,,,,
,,,,,,,
,,,,,,,
,,,,,,,
,,,,,,,
,,,,,,,
,,,,,,,
,,,,,,,
,,,,,,,
,,,,,,,
,,,,,,,
,,,,,,,
,,,,,,,
,,,,,,,
,,,,,,,
,,,,,,,
,,,,,,,
,,,,,,,
,,,,,,,
,,,,,,,
,,,,,,,
,,,,,,,
,,,,,,,
,,,,,,,
,,,,,,,
,,,,,,,
,,,,,,,
,,,,,,,
,,,,,,,
,,,,,,,
,,,,,,,
,,,,,,,
,,,,,,,
,,,,,,,
,,,,,,,
,,,,,,,
,,,,,,,
,,,,,,,
,,,,,,,
,,,,,,,
,,,,,,,
,,,,,,,
,,,,,,,
,,,,,,,
,,,,,,,
,,,,,,,
,,,,,,,
,,,,,,,
,,,,,,,
,,,,,,,
,,,,,,,
,,,,,,,
,,,,,,,
,,,,,,,
,,,,,,,
,,,,,,,
,,,,,,,
,,,,,,,
,,,,,,,
,,,,,,,
,,,,,,,
,,,,,,,
,,,,,,,
,,,,,,,
,,,,,,,
,,,,,,,
,,,,,,,
,,,,,,,
,,,,,,,
,,,,,,,
,,,,,,,
,,,,,,,
,,,,,,,
,,,,,,,
,,,,,,,
,,,,,,,
,,,,,,,
,,,,,,,
,,,,,,,
,,,,,,,
,,,,,,,
,,,,,,,
,,,,,,,
,,,,,,,
,,,,,,,
,,,,,,,
,,,,,,,
,,,,,,,
,,,,,,,
,,,,,,,
,,,,,,,
,,,,,,,
,,,,,,,
,,,,,,,
,,,,,,,
,,,,,,,
,,,,,,,
,,,,,,,
,,,,,,,
,,,,,,,
,,,,,,,
,,,,,,,
,,,,,,,
,,,,,,,
,,,,,,,
,,,,,,,
,,,,,,,
,,,,,,,
,,,,,,,
,,,,,,,
,,,,,,,
,,,,,,,
,,,,,,,
,,,,,,,
,,,,,,,
,,,,,,,
,,,,,,,
,,,,,,,
,,,,,,,
,,,,,,,
,,,,,,,
,,,,,,,
,,,,,,,
,,,,,,,
,,,,,,,
,,,,,,,
,,,,,,,
,,,,,,,
,,,,,,,
,,,,,,,
,,,,,,,
,,,,,,,
