Date,GOLD,SILVER,PLATINUM
5/2/2007,721.64,15.948,1388
5/3/2007,726.7,15.9,1390
5/4/2007,742.42,15.948,1403
5/7/2007,742.85,16.236,1420
5/8/2007,737.53,16.296,1438
5/9/2007,737.64,16.056,1434
5/10/2007,725.95,16.104,1430
5/11/2007,721.1,15.938,1424
5/14/2007,722.39,15.854,1427
5/15/2007,720.3,15.732,1429
5/16/2007,719.76,15.9,1423
5/17/2007,707.91,15.78,1429
5/18/2007,708.18,15.384,1406
5/21/2007,709.25,15.504,1413
5/22/2007,713.56,15.492,1410
5/23/2007,713.62,15.684,1399
5/24/2007,710.33,15.696,1398
5/25/2007,706.35,15.648,1394
5/29/2007,711.58,15.552,1379
5/30/2007,703.49,15.888,1371
5/31/2007,710.44,15.792,1361
6/1/2007,718.42,16.044,1377
6/4/2007,723.36,16.308,1394
6/5/2007,723.79,16.548,1397
6/6/2007,721.85,16.512,1398
6/7/2007,720.83,16.44,1388
6/8/2007,706.29,16.464,1405
6/11/2007,700.95,16.044,1388
6/12/2007,697.68,15.78,1395
6/13/2007,698.11,15.69,1393
6/14/2007,704.14,15.76,1378
6/15/2007,703.97,15.816,1382
6/18/2007,707.11,15.864,1381
6/19/2007,707.41,15.96,1397
6/20/2007,708.93,15.84,1392
6/21/2007,701.18,15.93,1399
6/22/2007,703.69,15.8,1393
6/25/2007,701.43,15.78,1400
6/26/2007,697.39,15.516,1388
6/27/2007,692.12,14.892,1375
6/28/2007,697.67,14.832,1370
6/29/2007,701.16,14.94,1383
7/2/2007,705.74,15.06,1376
7/3/2007,705.21,15.156,1383
7/5/2007,701.72,15.048,1385
7/6/2007,699.3,14.964,1394
7/9/2007,712.74,15.18,1393
7/10/2007,713.23,15.432,1383
7/11/2007,714.62,15.42,1399
7/12/2007,719.2,15.48,1410
7/13/2007,718.4,15.72,1412
7/16/2007,717.86,15.756,1413
7/17/2007,718.4,15.672,1416
7/18/2007,718.66,15.696,1411
7/19/2007,727.01,15.864,1414
7/20/2007,734.66,15.972,1425
7/23/2007,735.08,16.104,1436
7/24/2007,737.56,15.996,1433
7/25/2007,727.28,16.104,1432
7/26/2007,722.16,15.828,1420
7/27/2007,711.24,15.535,1417
7/30/2007,713.01,15.3,1387
7/31/2007,717.32,15.852,1372
8/1/2007,717.59,15.54,1395
8/2/2007,718.13,15.648,1386
8/3/2007,722.7,15.588,1393
8/6/2007,723.78,15.756,1391
8/7/2007,720.01,15.6,1397
8/8/2007,728.08,15.576,1385
8/9/2007,714.19,15.816,1389
8/10/2007,720.55,15.396,1371
8/13/2007,720.81,15.408,1374
8/14/2007,720.38,15.36,1381
8/15/2007,719.2,15.348,1373
8/16/2007,713.82,15.228,1365
8/17/2007,708.7,14.544,1347
8/20/2007,710.86,14.22,1349
8/21/2007,708.71,14.256,1353
8/22/2007,710.86,14.016,1347
8/23/2007,712.2,14.112,1344
8/24/2007,712.31,14.052,1349
8/27/2007,719.48,14.064,1344
8/28/2007,717.86,14.208,1350
8/29/2007,715.98,14.136,1359
8/30/2007,717.86,14.292,1363
8/31/2007,724.33,14.28,1369
9/4/2007,731.59,14.46,1370
9/5/2007,733.22,14.688,1373
9/6/2007,741.72,14.688,1376
9/7/2007,755.55,14.772,1381
9/10/2007,758.25,15.024,1392
9/11/2007,758.95,15.072,1394
9/12/2007,760.94,15.18,1396
9/13/2007,759.33,15.192,1404
9/14/2007,772.09,15.012,1399
9/17/2007,774.94,15.24,1398
9/18/2007,770.37,15.3,1410
9/19/2007,781.56,15.336,1403
9/20/2007,791.63,15.696,1410
9/21/2007,794.32,16.14,1426
9/24/2007,786.78,16.236,1435
9/25/2007,785.17,16.332,1435
9/26/2007,791.9,16.104,1435
9/27/2007,788.66,16.308,1451
9/28/2007,800.79,16.2,1453
10/1/2007,800.24,16.608,1484
10/2/2007,787.86,16.464,1482
10/3/2007,787.05,15.89,1460
10/4/2007,781.93,16.128,1456
10/5/2007,794.32,16.092,1461
10/8/2007,790.82,16.08,1469
10/9/2007,793.24,16.032,1472
10/10/2007,798.9,16.224,1462
10/11/2007,807.24,16.38,1492
10/12/2007,807.77,16.548,1499
10/15/2007,817.85,16.608,1518
10/16/2007,815.59,16.752,1529
10/17/2007,821.78,16.392,1513
10/18/2007,823.56,16.5,1523
10/19/2007,822.32,16.584,1550
10/22/2007,809.67,16.38,1552
10/23/2007,817.2,16.2,1534
10/24/2007,816.4,16.308,1550
10/25/2007,827.16,16.26,1539
10/26/2007,839.7,16.764,1551
10/29/2007,849.78,17.016,1557
10/30/2007,844.12,17.244,1561
10/31/2007,850.85,17.16,1546
11/1/2007,851.66,17.292,1543
11/2/2007,858.93,16.944,1548
11/5/2007,867.28,17.076,1544
11/6/2007,886.39,17.496,1563
11/7/2007,899.31,18.384,1576
11/8/2007,906.42,18.672,1572
11/9/2007,896.08,18.852,1562
11/12/2007,865.93,18.684,1537
11/13/2007,866.74,17.712,1492
11/14/2007,876.69,17.772,1518
11/15/2007,855.7,18.096,1544
11/16/2007,851.12,17.58,1526
11/19/2007,839.38,17.424,1554
11/20/2007,857.31,17.136,1557
11/21/2007,860.01,17.556,1563
11/26/2007,894.46,17.46,1567
11/27/2007,873.74,17.736,1578
11/28/2007,864.04,17.352,1555
11/29/2007,856.24,17.352,1545
11/30/2007,844.39,17.124,1543
12/3/2007,845.2,16.716,1543
12/4/2007,859.47,16.884,1553
12/5/2007,854.63,17.136,1565
12/6/2007,863.77,17.076,1570
12/7/2007,854.09,17.364,1563
12/10/2007,872.39,17.268,1560
12/11/2007,871.58,17.664,1566
12/12/2007,877.23,17.64,1565
12/13/2007,862.91,17.628,1577
12/14/2007,850.85,17.136,1578
12/17/2007,852.2,16.632,1565
12/18/2007,866.74,16.62,1585
12/19/2007,861.89,16.752,1611
12/20/2007,857.04,16.944,1611
12/21/2007,873.47,16.86,1616
12/26/2007,881.5,17.292,1619
12/27/2007,893.39,17.7,1642
12/28/2007,898.51,17.52,1647
12/31/2007,900.39,17.808,1629
1/2/2008,912.5,17.76,1628
1/3/2008,925.53,18.084,1649
1/4/2008,921.38,18.264,1638
1/7/2008,925.96,18.276,1647
1/8/2008,941.31,18.246,1634
1/9/2008,945.08,18.648,1645
1/10/2008,952.88,18.816,1653
1/11/2008,960.15,18.888,1642
1/14/2008,971.99,19.476,1668
1/15/2008,983.84,19.656,1680
1/16/2008,958.8,19.704,1680
1/17/2008,957.19,19.272,1664
1/18/2008,950.46,19.224,1667
1/21/2008,938.88,19.5,1664
1/22/2008,942.93,18.888,1649
1/23/2008,957.19,19.284,1643
1/24/2008,979.81,19.332,1650
1/25/2008,989.49,19.536,1694
1/28/2008,993.27,19.62,1765
1/29/2008,996.22,19.92,1796
1/30/2008,990.3,19.98,1795
1/31/2008,994.88,20.064,1790
2/1/2008,985.73,20.16,1834
2/4/2008,963.11,20.268,1859
2/5/2008,956.38,20.004,1890
2/6/2008,973.08,19.764,1874
2/7/2008,969.57,19.944,1917
2/8/2008,987.34,20.208,1940
2/11/2008,989.23,20.496,1975
2/12/2008,988.15,20.664,2027
2/13/2008,968.77,21,2043
2/14/2008,976.3,20.496,2060
2/15/2008,982.77,20.772,2095
2/19/2008,995.69,20.88,2165
2/20/2008,991.38,20.82,2248
2/21/2008,1018.3,20.88,2195
2/22/2008,1016.14,21.444,2285
2/25/2008,1010.49,21.396,2261
2/26/2008,1009.68,21.564,2253
2/27/2008,1033.91,21.96,2228
2/28/2008,1034.18,22.98,2245
2/29/2008,1046.84,23.328,2236
3/3/2008,1065.14,23.64,2255
3/4/2008,1061.1,24.192,2290
3/5/2008,1050.07,24.468,2375
3/6/2008,1052.22,24.348,2293
3/7/2008,1047.91,24.72,2333
3/10/2008,1044.42,24.42,2150
3/11/2008,1045.22,23.64,2060
3/12/2008,1051.15,23.388,2159
3/13/2008,1072.14,24.024,2155
3/14/2008,1081.3,24.96,2208
3/17/2008,1089.64,24.924,2210
3/18/2008,1084.79,24.66,2115
3/19/2008,1032.84,24.3,2095
3/20/2008,997.57,22.74,2010
3/24/2008,997.57,20.76,1940
3/25/2008,998.65,20.64,1974
3/26/2008,1020.19,20.916,2054
3/27/2008,1020.19,21.78,2085
3/28/2008,1006.22,21.96,2115
3/31/2008,1005.92,21.576,2108
4/1/2008,957.73,21.732,2144
4/2/2008,959.08,19.92,1995
4/3/2008,966.07,20.376,2032
4/4/2008,975.77,20.64,2080
4/7/2008,998.38,21.156,2090
4/8/2008,986,21.84,2138
4/9/2008,988.15,21.144,2112
4/10/2008,999.99,21.72,2103
4/11/2008,999.73,21.684,2132
4/14/2008,998.38,21.506,2123
4/15/2008,1001.88,21.384,2065
4/16/2008,1018.3,21.468,2093
4/17/2008,1019.38,22.14,2127
4/18/2008,979.27,21.96,2150
4/21/2008,989.76,21.216,2122
4/22/2008,989.23,21.36,2134
4/23/2008,968.23,21.3,2100
4/24/2008,965,20.64,2107
4/25/2008,960.69,20.436,2096
4/28/2008,959.61,20.28,2054
4/29/2008,948.31,20.424,2068
4/30/2008,938.62,19.98,2054
5/1/2008,919.23,20.08,2034
5/2/2008,919.77,19.368,1990
5/5/2008,934.31,19.668,1980
5/6/2008,948.31,20.1,2024
5/7/2008,935.65,20.388,2063
5/8/2008,945.08,19.92,2050
5/9/2008,944,20.22,2108
5/12/2008,952.08,19.896,2160
5/13/2008,932.16,20.7,2158
5/14/2008,933.77,20.064,2160
5/15/2008,949.65,20.172,2138
5/16/2008,966.61,20.292,2180
5/19/2008,976.84,20.424,2241
5/20/2008,985.46,20.4,2265
5/21/2008,994.61,20.88,2251
5/22/2008,994.34,21.324,2273
5/23/2008,999.46,21.552,2272
5/27/2008,977.11,21.792,2285
5/28/2008,972.53,21.156,2247
5/29/2008,951.54,21.108,2167
5/30/2008,954.5,20.424,2100
6/2/2008,957.19,20.196,2113
6/3/2008,947.5,20.292,2120
6/4/2008,952.08,20.113,2110
6/5/2008,946.96,20.112,2103
6/6/2008,959.61,20.532,2090
6/9/2008,965.81,20.868,2158
6/10/2008,946.15,20.832,2152
6/11/2008,944.27,20.34,2120
6/12/2008,929.19,20.268,2126
6/13/2008,933.23,19.704,2111
6/16/2008,957.19,19.8,2135
6/17/2008,949.92,20.398,2150
6/18/2008,956.38,20.46,2154
6/19/2008,973.07,21,2208
6/20/2008,977.92,21.216,2171
6/23/2008,949.38,21.12,2173
6/24/2008,958.54,20.16,2143
6/25/2008,951.27,20.376,2143
6/26/2008,980.07,20.1,2120
6/27/2008,990.84,20.772,2173
6/30/2008,1002.42,20.988,2158
7/1/2008,1010.22,21.168,2169
7/2/2008,1007.8,21.648,2180
7/3/2008,1006.46,21.816,2175
7/7/2008,987.88,21.816,2138
7/8/2008,992.46,21.672,2090
7/9/2008,999.19,21.324,2090
7/10/2008,1012.38,21.732,2069
7/11/2008,1037.41,22.032,2106
7/14/2008,1043.07,22.668,2145
7/15/2008,1062.45,22.896,2117
7/16/2008,1053.3,23.22,2095
7/17/2008,1040.38,22.98,2060
7/18/2008,1034.18,22.92,2004
7/21/2008,1034.99,22.044,1950
7/22/2008,1036.07,22.08,1956
7/23/2008,998.38,22.032,1970
7/24/2008,999.99,21.084,1881
7/25/2008,991.92,20.976,1830
7/28/2008,995.15,20.688,1832
7/29/2008,987.88,20.868,1851
7/30/2008,967.15,20.796,1862
7/31/2008,989.23,20.316,1839
8/1/2008,983.3,21.348,1863
8/4/2008,976.04,21.288,1780
8/5/2008,950.46,20.928,1700
8/6/2008,947.77,20.232,1670
8/7/2008,939.15,19.98,1720
8/8/2008,919.09,19.584,1705
8/11/2008,918.69,18.648,1655
8/12/2008,881.27,18.456,1648
8/13/2008,882.08,17.616,1595
8/14/2008,881.54,17.46,1600
8/15/2008,847.62,17.376,1612
8/18/2008,858.12,15.888,1495
8/19/2008,850.05,15.72,1485
8/20/2008,879.12,15.612,1428
8/21/2008,898.23,15.96,1472
8/22/2008,888,16.56,1565
8/25/2008,885.31,15.56,1530
8/26/2008,891.24,16.032,1540
8/27/2008,891.24,16.44,1520
8/28/2008,903.35,16.2,1548
8/29/2008,897.7,16.668,1590
9/2/2008,860.55,16.488,1585
9/3/2008,865.93,15.324,1490
9/4/2008,868.35,15.528,1500
9/5/2008,871.31,15.6,1520
9/8/2008,870.78,15.3,1495
9/9/2008,842.51,14.976,1475
9/10/2008,836.05,14.1,1375
9/11/2008,798.36,13.608,1318
9/12/2008,808.59,12.66,1272
9/15/2008,835.24,12.996,1280
9/16/2008,840.09,13.02,1265
9/17/2008,876.16,12.78,1186
9/18/2008,930,13.404,1178
9/19/2008,936.46,14.904,1237
9/22/2008,958,14.892,1260
9/23/2008,968.77,16.02,1308
9/24/2008,965.54,16.056,1322
9/25/2008,957.46,16.284,1335
9/26/2008,972,16.032,1305
9/29/2008,975.23,16.14,1235
9/30/2008,953.15,15.816,1200
10/1/2008,948.31,15.084,1110
10/2/2008,918.6,15.072,1115
10/3/2008,892.31,14.064,1100
10/6/2008,943.46,13.68,1064
10/7/2008,944.81,13.536,1105
10/8/2008,973.61,13.872,1117
10/9/2008,952.08,14.088,1112
10/10/2008,970.38,14.124,1132
10/13/2008,896.08,14.028,1101
10/14/2008,897.16,12.66,1093
10/15/2008,912.77,13.068,1136
10/16/2008,864.85,12.54,1085
10/17/2008,845.47,11.712,1020
10/20/2008,856.78,11.1,956
10/21/2008,832.01,11.664,980
10/22/2008,801.86,11.844,980
10/23/2008,776.01,11.772,950
10/24/2008,767.94,11.64,897
10/27/2008,787.32,10.824,883
10/28/2008,787.32,10.944,860
10/29/2008,823.39,10.812,915
10/30/2008,813.97,11.988,915
10/31/2008,787.59,11.94,955
11/3/2008,786.24,11.676,923
11/4/2008,798.9,11.844,920
11/5/2008,812.36,12.384,930
11/6/2008,813.17,12.942,970
11/7/2008,792.44,12.816,966
11/10/2008,811.55,12.156,960
11/11/2008,790.82,12.564,980
11/12/2008,781.13,11.976,926
11/13/2008,769.02,11.46,925
11/14/2008,805.63,11.112,930
11/17/2008,791.09,11.472,950
11/18/2008,795.4,11.292,920
11/19/2008,821.24,11.472,920
11/20/2008,795.4,11.76,948
11/21/2008,834.7,10.74,880
11/24/2008,886.39,11.376,920
11/25/2008,884.24,12.84,955
11/26/2008,875.62,12.492,970
12/1/2008,838.47,12.588,972
12/2/2008,840.62,11.28,915
12/3/2008,825.82,11.64,910
12/4/2008,833.36,11.46,910
12/5/2008,807.24,11.424,898
12/8/2008,826.89,11.136,898
12/9/2008,827.43,12.3,946
12/10/2008,864.58,11.82,906
12/11/2008,892.04,12.228,930
12/12/2008,890.7,12.636,948
12/15/2008,890.16,12.348,900
12/16/2008,903.35,12.696,936
12/17/2008,937.54,13.032,940
12/18/2008,921.66,13.824,959
12/19/2008,900.66,13.392,960
12/22/2008,914.93,13.2,953
12/23/2008,909,13.08,963
12/26/2008,912.14,12.9,955
12/29/2008,948.58,12.48,985
12/30/2008,937.11,19.276,1009
12/31/2008,927.85,13.2,1000
1/2/2009,942.38,13.08,1012
1/5/2009,919.77,13.68,1031
1/6/2009,914.12,13.224,1025
1/7/2009,914.39,13.368,1060
1/8/2009,922.19,13.212,1100
1/9/2009,913.04,13.368,1082
1/12/2009,891.24,13.332,1088
1/13/2009,890.7,13.248,1016
1/14/2009,885.31,12.876,1040
1/15/2009,872.93,12.48,1039
1/16/2009,898.5,12.456,1020
1/20/2009,919.5,13.284,1038
1/21/2009,915.19,13.596,1047
1/22/2009,926.77,13.62,1025
1/23/2009,943.73,13.776,1025
1/26/2009,980.88,13.656,1035
1/27/2009,967.15,14.68,1057
1/28/2009,964.73,14.472,1053
1/29/2009,961.5,14.496,1055
1/30/2009,990.84,14.376,1055
2/2/2009,989.5,14.892,1086
2/3/2009,974.69,15.06,1070
2/4/2009,975.23,14.88,1067
2/5/2009,991.38,15.096,965
2/6/2009,983.84,15.408,1077
2/9/2009,964.46,15.612,1087
2/10/2009,980.34,15.552,1090
2/11/2009,1010.76,15.816,1140
2/12/2009,1016.42,16.404,1140
2/13/2009,1008.07,16.26,1170
2/17/2009,1043.07,16.056,1158
2/18/2009,1038.76,16.848,1187
2/19/2009,1056.53,17.052,1190
2/20/2009,1065.68,16.896,1165
2/23/2009,1062.18,17.388,1191
2/24/2009,1060.57,17.268,1178
2/25/2009,1054.37,17.184,1172
2/26/2009,1009.15,16.98,1140
2/27/2009,1025.84,15.9,1160
3/2/2009,1009.95,15.984,1161
3/3/2009,984.65,15.504,1193
3/4/2009,979,15.204,1145
3/5/2009,983.4,15.636,1145
3/6/2009,1008.61,15.66,1157
3/9/2009,995.42,16.056,1171
3/10/2009,971.46,15.864,1168
3/11/2009,969.31,15.24,1150
3/12/2009,997.03,15.24,1152
3/13/2009,999.99,15.696,1152
3/16/2009,990.84,15.804,1146
3/17/2009,986.53,15.54,1160
3/18/2009,965.57,15.36,1146
3/19/2009,1030.59,15.024,1144
3/20/2009,1027.99,16.236,1200
3/23/2009,1022.88,16.332,1210
3/24/2009,995.42,16.536,1234
3/25/2009,1001.07,16.056,1220
3/26/2009,1011.03,16.104,1222
3/27/2009,995.69,16.308,1260
3/30/2009,999.99,15.984,1240
3/31/2009,987.61,15.912,1225
4/1/2009,996.23,15.636,1222
4/2/2009,967.42,15.576,1235
4/3/2009,975.23,15.216,1240
4/6/2009,937.81,15.492,1253
4/7/2009,948.04,14.688,1255
4/8/2009,948.31,14.712,1264
4/9/2009,948.85,14.712,1283
4/13/2009,966.07,14.664,1300
4/14/2009,956.38,15.288,1343
4/15/2009,960.15,15.192,1315
4/16/2009,948.85,15.324,1325
4/17/2009,938.08,14.832,1310
4/20/2009,945.08,14.4,1319
4/21/2009,957.73,14.604,1282
4/22/2009,954.77,14.556,1263
4/23/2009,967.15,14.748,1275
4/24/2009,979.69,15.3,1281
4/27/2009,977.92,15.42,1283
4/28/2009,960.15,15.6,1248
4/29/2009,967.96,14.976,1193
4/30/2009,951.8,15.276,1194
5/1/2009,953.15,14.772,1200
5/4/2009,974.58,13.892,1180
5/5/2009,980.61,15.576,1215
5/6/2009,980.61,16.248,1238
5/7/2009,983.03,16.512,1242
5/8/2009,977.38,16.536,1265
5/11/2009,983.84,16.608,1251
5/12/2009,988.15,16.74,1217
5/13/2009,995.69,17.04,1240
5/14/2009,997.03,17.016,1225
5/15/2009,1001.61,16.74,1208
5/18/2009,992.46,16.8,1213
5/19/2009,996.49,16.524,1223
5/20/2009,1012.38,16.92,1230
5/21/2009,1010.22,17.28,1255
5/22/2009,1034.18,17.004,1246
5/26/2009,1018.3,17.7,1260
5/27/2009,1024.76,17.46,1229
5/28/2009,1032.03,17.592,1240
5/29/2009,1051.14,18.204,1235
6/1/2009,1057.87,18.684,1277
6/2/2009,1055.99,18.84,1316
6/3/2009,1052.49,19.128,1318
6/4/2009,1046.03,19.044,1350
6/5/2009,1036.61,18.684,1356
6/8/2009,1016.95,18.408,1375
6/9/2009,1030.15,17.964,1332
6/10/2009,1027.72,18.216,1350
6/11/2009,1020.99,18.264,1371
6/12/2009,1009.96,18.384,1357
6/15/2009,1004.57,17.94,1355
6/16/2009,1006.46,17.256,1335
6/17/2009,1002.69,17.076,1332
6/18/2009,1013.46,16.944,1302
6/19/2009,1007.8,17.112,1310
6/22/2009,990.57,17.184,1310
6/23/2009,992.19,16.668,1287
6/24/2009,1005.92,16.548,1258
6/25/2009,1009.96,16.872,1275
6/26/2009,1015.07,16.8,1280
6/29/2009,1008.07,17.04,1305
6/30/2009,1006.99,16.776,1288
7/1/2009,1011.03,16.572,1287
7/2/2009,1001.61,16.608,1290
7/6/2009,996.23,16.14,1288
7/7/2009,995.69,15.888,1252
7/8/2009,989.23,15.84,1245
7/9/2009,982.5,15.55,1215
7/10/2009,983.84,15.42,1209
7/13/2009,979,15.192,1197
7/14/2009,996.49,15.048,1200
7/15/2009,1010.76,15.564,1233
7/16/2009,1007.53,15.924,1260
7/17/2009,1010.22,15.948,1265
7/20/2009,1026.65,16.14,1277
7/21/2009,1021.26,16.404,1290
7/22/2009,1021.8,16.404,1285
7/23/2009,1023.78,16.272,1267
7/24/2009,1025.3,16.548,1272
7/27/2009,1029.07,16.632,1292
7/28/2009,1017.49,16.8,1315
7/29/2009,1003.23,16.668,1315
7/30/2009,1004.84,16.224,1266
7/31/2009,1011.84,16.212,1283
8/3/2009,1034.18,16.248,1288
8/4/2009,1034.99,17.328,1323
8/5/2009,1034.99,17.436,1339
8/6/2009,1038.76,17.604,1380
8/7/2009,1030.15,17.784,1380
8/10/2009,1018.3,17.604,1367
8/11/2009,1015.88,17.376,1356
8/12/2009,1020.72,17.172,1357
8/13/2009,1027.45,17.412,1335
8/14/2009,1027.45,17.988,1368
8/17/2009,1005.11,17.868,1374
8/18/2009,1007.53,16.884,1325
8/19/2009,1016.15,16.788,1330
8/20/2009,1013.46,16.608,1332
8/21/2009,1026.38,16.668,1345
8/24/2009,1025.3,17.04,1349
8/25/2009,1024.22,17.292,1346
8/26/2009,1013.46,17.148,1344
8/27/2009,1016.15,17.184,1338
8/28/2009,1029.61,17.076,1333
8/31/2009,1023.25,17.664,1349
9/1/2009,1029.07,17.616,1343
9/2/2009,1039.57,17.988,1340
9/3/2009,1059.22,17.976,1313
9/4/2009,1065.68,18.924,1345
9/8/2009,1078.33,19.32,1353
9/9/2009,1076.99,20.136,1390
9/10/2009,1067.57,20.028,1390
9/11/2009,1086.41,19.752,1383
9/14/2009,1076.72,20.328,1415
9/15/2009,1073.22,19.848,1414
9/16/2009,1094.49,20.112,1406
9/17/2009,1097.45,20.76,1442
9/18/2009,1090.45,20.928,1439
9/21/2009,1074.3,20.58,1443
9/22/2009,1092.6,20.136,1418
9/23/2009,1088.56,20.64,1433
9/24/2009,1088.03,20.256,1431
9/25/2009,1068.37,19.752,1415
9/28/2009,1068.64,19.464,1383
9/29/2009,1066.22,19.488,1374
9/30/2009,1072.95,19.392,1372
10/1/2009,1082.64,19.608,1390
10/2/2009,1081.3,19.956,1393
10/5/2009,1083.45,19.8,1370
10/6/2009,1119.25,19.56,1387
10/7/2009,1120.87,20.796,1418
10/8/2009,1125.98,20.88,1422
10/9/2009,1132.98,21.252,1435
10/12/2009,1140.79,21.396,1442
10/13/2009,1139.44,21.468,1443
10/14/2009,1141.6,21.192,1459
10/15/2009,1135.14,21.42,1460
10/16/2009,1128.68,21.18,1443
10/19/2009,1131.91,20.952,1443
10/20/2009,1144.02,21.036,1454
10/21/2009,1135.41,21.216,1475
10/22/2009,1134.6,21.036,1452
10/23/2009,1144.06,21,1456
10/26/2009,1135.67,21.336,1475
10/27/2009,1118.45,21.288,1466
10/28/2009,1117.91,20.184,1423
10/29/2009,1117.91,19.668,1417
10/30/2009,1122.21,19.86,1431
11/2/2009,1144.29,19.74,1425
11/3/2009,1143.21,20.004,1439
11/4/2009,1174.44,19.932,1429
11/5/2009,1173.36,21.06,1463
11/6/2009,1181.71,20.94,1460
11/9/2009,1192.48,20.88,1455
11/10/2009,1186.82,21.216,1460
11/11/2009,1201.63,21.096,1460
11/12/2009,1201.09,21.264,1469
11/13/2009,1189.52,20.904,1470
11/16/2009,1217.51,20.628,1464
11/17/2009,1222.63,21.84,1526
11/18/2009,1237.97,22.008,1542
11/19/2009,1223.44,22.512,1557
11/20/2009,1228.28,22.056,1541
11/23/2009,1260.05,22.032,1537
11/24/2009,1253.32,22.644,1567
11/25/2009,1271.09,22.14,1560
11/30/2009,1256.82,22.428,1573
12/1/2009,1284.82,22.116,1552
12/2/2009,1306.35,22.656,1580
12/3/2009,1302.31,23.34,1610
12/4/2009,1282.39,22.8,1595
12/7/2009,1230.97,22.464,1570
12/8/2009,1235.55,21.684,1532
12/9/2009,1229.36,21.6,1537
12/10/2009,1215.9,21.348,1522
12/11/2009,1211.05,20.916,1523
12/14/2009,1210.78,20.736,1525
12/15/2009,1208.9,20.748,1542
12/16/2009,1225.59,20.952,1535
12/17/2009,1203.52,21.204,1558
12/18/2009,1190.05,20.856,1540
12/21/2009,1191.13,20.736,1521
12/22/2009,1167.98,20.604,1532
12/23/2009,1169.32,20.292,1512
12/28/2009,1191.13,20.604,1503
12/29/2009,1191.67,21.06,1588
12/30/2009,1171.75,20.736,1569
12/31/2009,1212.13,20.232,1561
1/4/2010,1208.36,20.28,1575
1/5/2010,1210.25,20.964,1610
1/6/2010,1217.51,21.288,1622
1/7/2010,1217.78,21.732,1658
1/8/2010,1214.01,21.9,1650
1/11/2010,1242.28,22.08,1673
1/12/2010,1240.4,22.488,1693
1/13/2010,1214.55,22.32,1696
1/14/2010,1226.4,21.996,1678
1/15/2010,1215.36,22.464,1703
1/19/2010,1220.74,22.164,1700
1/20/2010,1207.01,22.344,1729
1/21/2010,1194.09,21.744,1729
1/22/2010,1167.98,21.252,1718
1/25/2010,1180.09,20.352,1649
1/26/2010,1177.94,20.568,1642
1/27/2010,1179.56,19.956,1610
1/28/2010,1172.29,19.956,1624
1/29/2010,1162.06,19.908,1624
2/1/2010,1170.67,19.44,1617
2/2/2010,1197.05,19.788,1628
2/3/2010,1201.63,20.064,1664
2/4/2010,1167.17,19.824,1683
2/5/2010,1139.98,18.72,1635
2/8/2010,1146.44,18.18,1585
2/9/2010,1154.25,18.072,1582
2/10/2010,1152.37,18.384,1600
2/11/2010,1159.63,18.276,1613
2/12/2010,1165.83,18.372,1611
2/16/2010,1201.63,18.504,1610
2/17/2010,1205.67,19.104,1636
2/18/2010,1204.59,19.428,1650
2/19/2010,1198.94,19.332,1635
2/22/2010,1201.63,19.32,1617
2/23/2010,1192.75,19.56,1638
2/24/2010,1188.44,18.996,1630
2/25/2010,1179.29,19.056,1610
2/26/2010,1194.09,19.032,1620
3/1/2010,1200.28,19.572,1638
3/2/2010,1213.74,19.74,1653
3/3/2010,1224.57,20.088,1663
3/4/2010,1222.36,20.664,1683
3/5/2010,1222.9,20.58,1680
3/8/2010,1212.94,21,1684
3/9/2010,1202.17,20.796,1710
3/10/2010,1207.28,20.556,1682
3/11/2010,1189.52,20.892,1711
3/12/2010,1191.94,20.496,1695
3/15/2010,1189.79,20.652,1722
3/16/2010,1211.86,20.52,1715
3/17/2010,1208.63,20.94,1734
3/18/2010,1209.71,20.952,1736
3/19/2010,1191.13,20.988,1730
3/22/2010,1182.25,20.52,1717
3/23/2010,1186.82,20.064,1678
3/24/2010,1175.25,21.472,1700
3/25/2010,1177.67,20.064,1684
3/26/2010,1181.44,20.064,1690
3/29/2010,1193.29,20.148,1698
3/30/2010,1192.75,20.772,1720
3/31/2010,1201.9,20.808,1728
4/1/2010,1210.51,21.048,1748
4/5/2010,1215.36,21.492,1766
4/6/2010,1220.48,21.576,1788
4/7/2010,1230.44,21.636,1805
4/8/2010,1236.9,21.876,1818
4/9/2010,1241.74,21.612,1804
4/12/2010,1248.47,22.02,1820
4/13/2010,1237.17,22.128,1834
4/14/2010,1243.09,21.66,1815
4/15/2010,1243.9,22.128,1830
4/16/2010,1240.67,22.092,1824
4/19/2010,1224.24,21.912,1817
4/20/2010,1233.4,21.264,1787
4/21/2010,1231.51,21.516,1820
4/22/2010,1221.55,21.456,1838
4/23/2010,1227.74,21.42,1835
4/26/2010,1243.9,21.648,1828
4/27/2010,1238.51,21.972,1850
4/28/2010,1250.9,21.912,1835
4/29/2010,1257.09,21.456,1816
4/30/2010,1270.55,22.032,1813
5/3/2010,1278.89,22.476,1842
5/4/2010,1276.74,22.584,1845
5/5/2010,1255.2,22.032,1810
5/6/2010,1277.01,20.736,1742
5/7/2010,1295.31,21.132,1765
5/10/2010,1289.12,21.048,1758
5/11/2010,1317.12,22.236,1797
5/12/2010,1333.27,22.908,1793
5/13/2010,1333.27,23.616,1815
5/14/2010,1332.2,23.52,1837
5/17/2010,1331.66,23.376,1825
5/18/2010,1310.93,23.172,1797
5/19/2010,1287.51,22.812,1792
5/20/2010,1284.28,21.9,1710
5/21/2010,1271.09,21.264,1616
5/24/2010,1278.89,21.084,1606
5/25/2010,1291.01,21.408,1630
5/26/2010,1305.81,21.24,1595
5/27/2010,1304.74,21.996,1636
5/28/2010,1300.97,22.14,1640
6/1/2010,1322.77,22.068,1660
6/2/2010,1309.04,22.44,1660
6/3/2010,1309.04,21.876,1646
6/4/2010,1296.66,21.996,1660
6/7/2010,1309.04,21.108,1620
6/8/2010,1342.43,21.06,1605
6/9/2010,1328.97,22.116,1623
6/10/2010,1311.74,21.972,1640
6/11/2010,1314.43,21.924,1632
6/14/2010,1318.47,21.936,1645
6/15/2010,1319.81,22.116,1665
6/16/2010,1330.04,22.104,1662
6/17/2010,1341.35,22.104,1669
6/18/2010,1353.19,22.596,1682
6/21/2010,1351.58,22.956,1677
6/22/2010,1331.66,23.052,1710
6/23/2010,1321.43,22.776,1694
6/24/2010,1331.93,22.044,1678
6/25/2010,1351.04,22.224,1650
6/28/2010,1358.58,22.656,1665
6/29/2010,1330.04,23.088,1685
6/30/2010,1340.27,22.152,1649
7/1/2010,1329.5,22.404,1632
7/2/2010,1294.51,21.972,1617
7/6/2010,1287.51,21.312,1612
7/7/2010,1285.62,21.276,1615
7/8/2010,1285.89,21.384,1615
7/9/2010,1302.31,21.48,1630
7/12/2010,1298.81,21.816,1627
7/13/2010,1310.12,21.648,1626
7/14/2010,1300.43,21.96,1632
7/15/2010,1301.51,21.9,1628
7/16/2010,1281.32,21.948,1632
7/19/2010,1272.43,21.42,1616
7/20/2010,1274.59,21.252,1609
7/21/2010,1283.74,21.132,1608
7/22/2010,1292.35,21.384,1630
7/23/2010,1282.66,21.804,1624
7/26/2010,1275.12,21.78,1644
7/27/2010,1258.43,21.72,1657
7/28/2010,1246.59,21.24,1660
7/29/2010,1252.52,21.072,1642
7/30/2010,1259.51,21.18,1656
8/2/2010,1280.51,21.48,1662
8/3/2010,1279.43,22.188,1695
8/4/2010,1292.35,22.14,1693
8/5/2010,1284.82,22.236,1692
8/6/2010,1301.24,22.044,1677
8/9/2010,1296.12,22.248,1680
8/10/2010,1284.82,22.056,1661
8/11/2010,1298.81,21.792,1642
8/12/2010,1306.89,21.756,1642
8/13/2010,1308.24,21.648,1629
8/16/2010,1318.2,21.696,1630
8/17/2010,1320.89,22.092,1635
8/18/2010,1312.27,22.152,1648
8/19/2010,1318.2,21.924,1630
8/20/2010,1318.2,22.188,1640
8/23/2010,1320.89,21.564,1620
8/24/2010,1316.58,21.588,1607
8/25/2010,1333.27,22.08,1600
8/26/2010,1332.73,22.56,1618
8/27/2010,1330.58,22.956,1635
8/30/2010,1333.27,22.92,1628
8/31/2010,1342.43,22.86,1637
9/1/2010,1342.96,23.1,1625
9/2/2010,1345.12,23.172,1638
9/3/2010,1336.5,23.52,1658
9/7/2010,1354,23.484,1655
9/8/2010,1352.12,23.964,1664
9/9/2010,1352.12,23.976,1660
9/10/2010,1342.96,24.036,1655
9/13/2010,1340,24.036,1650
9/14/2010,1363.42,24.276,1650
9/15/2010,1365.04,24.48,1670
9/16/2010,1370.96,24.696,1695
9/17/2010,1372.58,24.936,1710
9/20/2010,1378.23,24.852,1722
9/21/2010,1373.65,25.032,1724
9/22/2010,1393.58,24.78,1723
9/23/2010,1393.58,25.284,1738
9/24/2010,1397.34,25.284,1738
9/27/2010,1397.34,25.74,1748
9/28/2010,1394.11,25.716,1733
9/29/2010,1408.65,25.836,1732
9/30/2010,1408.11,26.124,1750
10/1/2010,1418.07,26.304,1762
10/4/2010,1415.11,26.544,1785
10/5/2010,1433.42,26.448,1772
10/6/2010,1450.65,26.88,1792
10/7/2010,1449.03,27.48,1796
10/8/2010,1445.26,27.612,1818
10/11/2010,1456.03,27.48,1800
10/12/2010,1452.8,27.924,1790
10/13/2010,1471.16,27.804,1788
10/14/2010,1479.45,28.404,1801
10/15/2010,1473.26,29.316,1805
10/18/2010,1472.99,28.98,1796
10/19/2010,1442.57,29.124,1788
10/20/2010,1442.57,28.548,1777
10/21/2010,1447.42,28.488,1773
10/22/2010,1424.8,28.74,1792
10/25/2010,1440.96,27.84,1775
10/26/2010,1432.34,28.416,1805
10/27/2010,1426.96,28.296,1800
10/28/2010,1436.65,28.212,1795
10/29/2010,1450.92,28.392,1785
11/1/2010,1459.26,29.124,1805
11/2/2010,1455.49,29.652,1826
11/3/2010,1449.57,29.76,1825
11/4/2010,1487.8,29.76,1825
11/5/2010,1503.41,30.6,1845
11/8/2010,1495.87,31.86,1868
11/9/2010,1530.87,32.148,1862
11/10/2010,1498.03,34.584,1890
11/11/2010,1506.64,32.064,1868
11/12/2010,1495.87,32.64,1857
11/15/2010,1474.34,32.22,1815
11/16/2010,1453.34,31.488,1783
11/17/2010,1440.96,30.456,1761
11/18/2010,1454.69,30.972,1741
11/19/2010,1446.34,31.68,1756
11/22/2010,1461.42,31.872,1755
11/23/2010,1484.03,32.784,1762
11/24/2010,1478.64,33.204,1745
11/29/2010,1461.95,32.76,1773
11/30/2010,1490.49,32.04,1740
12/1/2010,1492.64,33.324,1760
12/2/2010,1496.41,33.996,1783
12/3/2010,1512.03,34.632,1810
12/6/2010,1524.68,35.04,1825
12/7/2010,1529.79,35.736,1820
12/8/2010,1492.64,36.108,1825
12/9/2010,1498.84,33.948,1785
12/10/2010,1481.61,34.572,1793
12/13/2010,1507.18,33.84,1778
12/14/2010,1502.33,35.64,1802
12/15/2010,1496.14,35.46,1803
12/16/2010,1468.41,35.1,1805
12/17/2010,1474.34,34.248,1800
12/20/2010,1486.72,34.8,1800
12/21/2010,1489.95,34.668,1807
12/22/2010,1494.26,35.148,1823
12/23/2010,1479.72,35.184,1830
12/28/2010,1509.33,34.956,1812
12/29/2010,1521.72,35.748,1860
12/30/2010,1514.18,36.732,1844
12/31/2010,1520.32,36.684,1860
1/3/2011,1528.18,36.768,1854
1/4/2011,1495.87,37.2,1890
1/5/2011,1473.8,36.18,1862
1/6/2011,1474.34,34.752,1818
1/7/2011,1472.72,35.028,1835
1/10/2011,1474.07,35.088,1838
1/11/2011,1480.26,34.764,1846
1/12/2011,1485.37,35.34,1862
1/13/2011,1488.34,35.4,1895
1/14/2011,1472.72,35.328,1927
1/18/2011,1475.41,34.32,1920
1/19/2011,1478.11,34.824,1924
1/20/2011,1449.57,34.8,1948
1/21/2011,1447.42,33,1911
1/24/2011,1446.88,32.796,1925
1/25/2011,1426.42,32.832,1925
1/26/2011,1430.73,32.196,1895
1/27/2011,1437.73,32.244,1891
1/28/2011,1421.03,33.216,1910
1/31/2011,1429.65,32.88,1895
2/1/2011,1434.49,33.744,1880
2/2/2011,1440.42,33.696,1917
2/3/2011,1430.73,34.212,1935
2/4/2011,1459.8,33.72,1931
2/7/2011,1451.72,35.088,1955
2/8/2011,1468.95,35.088,1949
2/9/2011,1470.57,35.94,1954
2/10/2011,1457.9,36.516,1963
2/11/2011,1469.49,35.916,1934
2/14/2011,1470.57,36.192,1930
2/15/2011,1478.91,36.72,1934
2/16/2011,1477.3,36.816,1944
2/17/2011,1485.64,36.552,1936
2/18/2011,1490.49,37.14,1935
2/22/2011,1509.33,38.412,1938
2/23/2011,1518.22,39.624,1925
2/24/2011,1520.64,40.512,1892
2/25/2011,1510.95,39.948,1878
2/28/2011,1520.1,39.408,1893
3/1/2011,1530.6,40.704,1902
3/2/2011,1546.48,41.22,1938
3/3/2011,1531.41,41.784,1960
3/4/2011,1537.33,41.376,1943
3/7/2011,1549.64,42.396,1935
3/8/2011,1563.52,43.86,1939
3/9/2011,1541.64,43.2,1910
3/10/2011,1522.53,43.476,1915
3/11/2011,1520.64,42.048,1878
3/14/2011,1532.22,41.82,1880
3/15/2011,1508.8,43.188,1865
3/16/2011,1510.43,41.268,1809
3/17/2011,1512.3,41.94,1822
3/18/2011,1529.79,41.52,1802
3/21/2011,1542.72,42.264,1818
3/22/2011,1536.25,43.056,1842
3/23/2011,1550.79,43.632,1845
3/24/2011,1558.87,44.016,1842
3/25/2011,1547.02,45.384,1863
3/28/2011,1526.56,45.132,1855
3/29/2011,1527.1,44.436,1838
3/30/2011,1535.72,44.4,1850
3/31/2011,1550.25,44.76,1860
4/1/2011,1527.64,45.396,1880
4/4/2011,1546.48,44.784,1875
4/5/2011,1544.33,46.26,1887
4/6/2011,1574.48,46.368,1890
4/7/2011,1572.33,47.712,1910
4/8/2011,1583.1,47.4,1892
4/11/2011,1581.48,48.264,1909
4/12/2011,1562.64,49.416,1905
4/13/2011,1570.17,48.336,1885
4/14/2011,1579.06,48.648,1887
4/15/2011,1590.9,49.62,1880
4/18/2011,1608.4,51.216,1893
4/19/2011,1605.71,50.784,1895
4/20/2011,1617.02,51.854,1887
4/21/2011,1620.25,53.892,1906
4/25/2011,1620.25,55.092,1918
4/26/2011,1613.25,55.392,1938
4/27/2011,1627.79,54.36,1920
4/28/2011,1654.17,54.12,1916
4/29/2011,1663.28,58.8,1939
5/2/2011,1683.78,58.74,1948
5/3/2011,1659.28,55.86,1970
5/4/2011,1660.09,52.44,1962
5/5/2011,1627.79,48.84,1942
5/6/2011,1601.4,44.34,1903
5/9/2011,1618.09,43.62,1897
5/10/2011,1630.48,44.232,1888
5/11/2011,1624.55,46.08,1899
5/12/2011,1604.63,44.22,1896
5/13/2011,1622.13,40.62,1864
5/16/2011,1616.75,42.924,1876
5/17/2011,1592.79,42.192,1862
5/18/2011,1612.17,40.5,1861
5/19/2011,1608.4,42.084,1868
5/20/2011,1605.98,42.369,1869
5/23/2011,1627.25,41.64,1867
5/24/2011,1645.01,42.108,1856
5/25/2011,1644.21,43.524,1868
5/26/2011,1635.86,44.772,1880
5/27/2011,1651.48,44.448,1884
5/31/2011,1655.24,45.6,1890
6/1/2011,1652.28,46.212,1935
6/2/2011,1658.47,45.348,1932
6/3/2011,1659.02,43.98,1925
6/6/2011,1668.7,43.32,1915
6/7/2011,1664.4,44.66,1925
6/8/2011,1656.59,44.532,1925
6/9/2011,1656.59,44.06,1925
6/10/2011,1647.44,44.592,1937
6/13/2011,1644.2,43.84,1933
6/14/2011,1633.17,42.864,1917
6/15/2011,1647.98,42.264,1896
6/16/2011,1640.98,42.72,1890
6/17/2011,1656.32,42.42,1856
6/20/2011,1663.32,42.9,1852
6/21/2011,1664.13,42.948,1830
6/22/2011,1672.47,43.716,1848
6/23/2011,1640.71,43.944,1850
6/24/2011,1631.83,42.3,1810
6/27/2011,1613.79,41.628,1790
6/28/2011,1614.87,40.8,1777
6/29/2011,1620.52,40.764,1792
6/30/2011,1621.86,40.98,1822
7/1/2011,1597.63,41.484,1825
7/5/2011,1626.71,40.56,1816
7/6/2011,1645.29,42.024,1840
7/7/2011,1645.56,42.936,1843
7/8/2011,1660.63,43.716,1836
7/11/2011,1675.7,43.632,1845
7/12/2011,1670.32,43.848,1834
7/13/2011,1701,42.54,1826
7/14/2011,1713.39,45.444,1865
7/15/2011,1709.63,47.184,1880
7/18/2011,1722.55,46.62,1862
7/19/2011,1724.7,48.432,1876
7/20/2011,1708.55,48.3,1876
7/21/2011,1724.7,46.704,1867
7/22/2011,1725.77,47.64,1888
7/25/2011,1738.16,48.18,1894
7/26/2011,1737.35,48.6,1895
7/27/2011,1750.54,48.216,1894
7/28/2011,1738.16,49.524,1919
7/29/2011,1754.31,47.652,1892
8/1/2011,1748.39,48.252,1885
8/2/2011,1764.27,47.64,1900
8/3/2011,1798.19,48.216,1899
8/4/2011,1809.23,50.064,1887
8/5/2011,1786.89,50.4,1855
8/8/2011,1823.77,46.896,1815
8/9/2011,1870.07,47.448,1818
8/10/2011,1908.84,45.3,1839
8/11/2011,1895.92,46.104,1857
8/12/2011,1870.07,45.936,1885
8/15/2011,1873.31,46.62,1904
8/16/2011,1920.14,47.412,1903
8/17/2011,1928.22,48,1916
8/18/2011,1964.83,48.54,1946
8/19/2011,1990.67,48.72,1939
8/22/2011,2022.44,49.896,1967
8/23/2011,2020.83,51.96,1992
8/24/2011,1906.68,51.936,1992
8/25/2011,1862.53,48.6,1962
8/26/2011,1926.07,48.384,1910
8/29/2011,1927.68,49.08,1920
8/30/2011,1965.91,48.996,1936
8/31/2011,1953.52,49.872,1950
9/1/2011,1961.61,49.992,1950
9/2/2011,2020.02,49.68,1953
9/6/2011,2041.29,51.648,1978
9/7/2011,1949.76,51.252,1972
9/8/2011,1998.21,49.032,1922
9/9/2011,1993.91,50.832,1952
9/12/2011,1975.6,50.064,1942
9/13/2011,1960.52,49.44,1919
9/14/2011,1958.91,48.708,1910
9/15/2011,1919.61,48.612,1924
9/16/2011,1932.53,48.024,1895
9/19/2011,1932.53,48.636,1903
9/20/2011,1937.71,47.4,1900
9/21/2011,1931.45,48.12,1884
9/22/2011,1855,47.74,1880
9/23/2011,1819.46,44.136,1820
9/26/2011,1721.47,39.72,1735
9/27/2011,1787.16,34.2,1660
9/28/2011,1769.93,39.24,1685
9/29/2011,1737.62,37.08,1660
9/30/2011,1745.16,36.12,1643
10/3/2011,1783.39,36.36,1617
10/4/2011,1764.54,36.624,1610
10/5/2011,1741.93,36.12,1584
10/6/2011,1761.31,35.484,1555
10/7/2011,1779.62,37.584,1590
10/10/2011,1789.31,38.856,1633
10/11/2011,1791.46,38.748,1624
10/12/2011,1811.92,38.46,1620
10/13/2011,1783.93,39.132,1648
10/14/2011,1807.61,38.112,1635
10/17/2011,1811.92,38.7,1653
10/18/2011,1757,38.412,1672
10/19/2011,1780.16,37.164,1634
10/20/2011,1745.16,38.1,1635
10/21/2011,1769.39,37.464,1590
10/24/2011,1779.62,37.596,1620
10/25/2011,1783.93,38.184,1635
10/26/2011,1847.46,38.7,1650
10/27/2011,1850.69,40.38,1696
10/28/2011,1875.46,41.208,1718
10/31/2011,1855,41.988,1738
11/1/2011,1830.23,41.196,1718
11/2/2011,1877.61,40.044,1675
11/3/2011,1893.76,41.04,1710
11/4/2011,1884.07,41.064,1733
11/7/2011,1919.61,40.92,1730
11/8/2011,1933.6,41.484,1749
11/9/2011,1921.76,41.724,1765
11/10/2011,1891.61,41.376,1751
11/11/2011,1909.91,39.96,1730
11/14/2011,1913.15,41.28,1735
11/15/2011,1922.83,41.148,1752
11/16/2011,1891.61,41.532,1741
11/17/2011,1877.07,40.5,1729
11/18/2011,1851.76,39.384,1712
11/21/2011,1833.46,38.52,1699
11/22/2011,1830.23,37.284,1667
11/23/2011,1810.85,38.976,1659
11/28/2011,1846.38,37.848,1656
11/29/2011,1849.61,38.58,1662
11/30/2011,1880.84,38.544,1646
12/1/2011,1887.3,39.012,1652
12/2/2011,1881.92,40.02,1656
12/5/2011,1878.69,39.9,1662
12/6/2011,1839.92,39.516,1637
12/7/2011,1869.53,38.304,1609
12/8/2011,1847.46,39.144,1625
12/9/2011,1841,38.064,1602
12/12/2011,1787.69,38.4,1606
12/13/2011,1801.69,37.212,1595
12/14/2011,1726.86,37.704,1600
12/15/2011,1695.63,34.992,1540
12/16/2011,1717.16,34.56,1524
12/19/2011,1721.47,35.592,1524
12/20/2011,1738.16,35.028,1523
12/21/2011,1732.23,35.364,1530
12/22/2011,1730.62,35.22,1528
12/23/2011,1731.16,34.896,1514
12/28/2011,1692.39,35.16,1524
12/29/2011,1649.32,32.94,1505
12/30/2011,1694.01,32.256,1456
1/3/2012,1721.47,33.708,1495
1/4/2012,1737.62,34.8,1511
1/5/2012,1722.55,35.136,1522
1/6/2012,1741.39,34.836,1515
1/9/2012,1739.78,34.476,1515
1/10/2012,1763.46,34.944,1510
1/11/2012,1760.77,35.964,1563
1/12/2012,1789.31,35.916,1587
1/13/2012,1761.85,36.624,1602
1/17/2012,1783.93,35.58,1581
1/18/2012,1774.23,36.528,1630
1/19/2012,1782.84,36.36,1614
1/20/2012,1780.69,36.684,1632
1/23/2012,1804.92,37.02,1620
1/24/2012,1794.15,38.952,1649
1/25/2012,1777.47,38.52,1645
1/26/2012,1860.38,38.292,1652
1/27/2012,1859.3,40.16,1723
1/30/2012,1862.53,40.512,1708
1/31/2012,1878.68,40.152,1710
2/1/2012,1874.38,40.56,1728
2/2/2012,1886.23,40.5,1717
2/3/2012,1867.92,40.776,1725
2/6/2012,1851.76,40.44,1730
2/7/2012,1857.15,40.212,1715
2/8/2012,1880.84,40.5,1730
2/9/2012,1882.99,41.1,1759
2/10/2012,1843.69,40.98,1772
2/13/2012,1852.84,40.332,1745
2/14/2012,1855,40.392,1765
2/15/2012,1866.85,40.464,1737
2/16/2012,1845.3,40.416,1742
2/17/2012,1856.07,39.54,1715
2/21/2012,1882.99,40.116,1740
2/22/2012,1887.3,40.8,1773
2/23/2012,1914.22,41.04,1816
2/24/2012,1914.76,42.096,1830
2/27/2012,1908.83,42.588,1818
2/28/2012,1918.53,42.504,1810
2/29/2012,1906.68,43.692,1820
3/1/2012,1846.38,44.34,1831
3/2/2012,1838.84,42.456,1795
3/5/2012,1836.69,41.904,1809
3/6/2012,1797.93,40.92,1775
3/7/2012,1807.08,39.408,1717
3/8/2012,1820.53,39.528,1730
3/9/2012,1817.85,40.2,1737
3/12/2012,1828.62,40.584,1763
3/13/2012,1820.53,40.296,1795
3/14/2012,1771.28,39.9,1800
3/15/2012,1775.31,39.744,1784
3/16/2012,1786.08,38.904,1780
3/19/2012,1789.85,39.096,1782
3/20/2012,1784.73,39.228,1780
3/21/2012,1776.65,38.868,1760
3/22/2012,1761.85,38.74,1745
3/23/2012,1792.54,37.84,1710
3/26/2012,1810.04,38.544,1720
3/27/2012,1822.69,39.29,1742
3/28/2012,1805.46,39.588,1765
3/29/2012,1785.54,38.86,1745
3/30/2012,1790.93,38.4,1744
4/2/2012,1807.08,38.88,1743
4/3/2012,1805.73,39.564,1746
4/4/2012,1746.24,39.384,1764
4/5/2012,1757,37.86,1720
4/9/2012,1773.7,37.932,1698
4/10/2012,1771,38.016,1725
4/11/2012,1786.08,37.68,1710
4/12/2012,1797.39,38.028,1691
4/13/2012,1795.23,38.592,1690
4/16/2012,1780.69,38.34,1700
4/17/2012,1761.85,37.74,1675
4/18/2012,1771,37.8,1677
4/19/2012,1777.47,37.848,1680
4/20/2012,1768.31,38.22,1685
4/23/2012,1754.85,38.088,1683
4/24/2012,1776.92,36.744,1657
4/25/2012,1764.27,37.272,1654
4/26/2012,1781.23,36.96,1655
4/27/2012,1792,37.056,1661
4/30/2012,1778.81,37.596,1675
5/1/2012,1792.54,36.97,1671
5/2/2012,1775.31,37.416,1669
5/3/2012,1764.27,36.648,1665
5/4/2012,1770.73,36.24,1655
5/7/2012,1761.85,36.48,1633
5/8/2012,1726.31,35.88,1627
5/9/2012,1704.78,35.22,1617
5/10/2012,1722.01,34.68,1602
5/11/2012,1705.32,35.22,1593
5/14/2012,1678.94,34.848,1565
5/15/2012,1676.79,34.056,1552
5/16/2012,1668.16,33.816,1553
5/17/2012,1674.09,33.516,1531
5/18/2012,1712.31,33.54,1554
5/21/2012,1715.55,34.44,1561
5/22/2012,1704.78,34.164,1561
5/23/2012,1668.7,34.2,1561
5/24/2012,1689.71,32.76,1520
5/25/2012,1690.78,34.116,1534
5/29/2012,1701.54,34.14,1529
5/30/2012,1659.02,34.37,1538
5/31/2012,1678.4,33.192,1505
6/1/2012,1730.08,33.3,1513
6/4/2012,1744.08,34.22,1518
6/5/2012,1742.68,34.044,1536
6/6/2012,1761.31,34.09,1537
6/7/2012,1730.08,35.616,1561
6/8/2012,1698.32,34.8,1569
6/11/2012,1706.39,33.948,1520
6/12/2012,1727.4,34.14,1555
6/13/2012,1744.62,34.5,1546
6/14/2012,1738.16,34.86,1570
6/15/2012,1752.97,34.236,1588
6/18/2012,1740.32,34.44,1596
6/19/2012,1751.08,34.44,1587
6/20/2012,1724.7,34.524,1590
6/21/2012,1704.24,33.84,1562
6/22/2012,1686.47,33.06,1560
6/25/2012,1691.32,32.148,1538
6/26/2012,1697.78,32.18,1537
6/27/2012,1695.08,32.616,1536
6/28/2012,1678.94,32.616,1511
6/29/2012,1722.01,31.78,1505
7/2/2012,1715.01,33.072,1529
7/3/2012,1742.47,32.856,1544
7/5/2012,1727.93,33.89,1578
7/6/2012,1709.63,33.348,1570
7/9/2012,1707.47,32.7,1553
7/10/2012,1718.51,32.868,1546
7/11/2012,1698.85,32.688,1550
7/12/2012,1676.52,32.604,1523
7/13/2012,1718.77,32.016,1513
7/16/2012,1712.58,32.964,1527
7/17/2012,1707.73,32.75,1523
7/18/2012,1696.97,32.54,1522
7/19/2012,1706.39,32.7,1509
7/20/2012,1698.05,32.88,1518
7/23/2012,1693.74,32.65,1511
7/24/2012,1705.58,32.28,1496
7/25/2012,1724.7,32.328,1495
7/26/2012,1743.01,32.568,1499
7/27/2012,1743.27,33.3,1511
7/30/2012,1742.74,33,1513
7/31/2012,1747.32,33.708,1512
8/1/2012,1722.55,33.76,1530
8/2/2012,1720.39,32.856,1494
8/3/2012,1725.77,32.71,1493
8/6/2012,1734.39,33.24,1493
8/7/2012,1735.47,33.384,1499
8/8/2012,1737.89,33.672,1513
8/9/2012,1739.78,33.72,1505
8/10/2012,1743.54,33.78,1514
8/13/2012,1747.85,33.84,1502
8/14/2012,1721.2,33.492,1501
8/15/2012,1725.51,33.348,1503
8/16/2012,1728.47,33.504,1500
8/17/2012,1739.51,33.708,1504
8/20/2012,1739.78,33.78,1558
8/21/2012,1766.16,33.78,1568
8/22/2012,1768.85,35.16,1606
8/23/2012,1793.89,35.4,1621
8/24/2012,1795.77,36.815,1643
8/27/2012,1799,36.78,1640
8/28/2012,1796.85,37.236,1643
8/29/2012,1788.23,37.1,1622
8/30/2012,1788.77,36.92,1618
8/31/2012,1775.85,36.82,1623
9/4/2012,1828.07,36.96,1618
9/5/2012,1820.53,38.52,1656
9/6/2012,1832.38,38.75,1666
9/7/2012,1861.46,39.34,1681
9/10/2012,1865.76,40.27,1696
9/11/2012,1870.88,40.31,1698
9/12/2012,1871.15,40.44,1707
9/13/2012,1867.11,39.9,1747
9/14/2012,1912.61,39.6,1762
9/17/2012,1906.68,41.46,1800
9/18/2012,1906.15,41.42,1796
9/19/2012,1903.18,41.88,1770
9/20/2012,1894.3,41.58,1734
9/21/2012,1922.29,41.34,1720
9/24/2012,1898.61,42.13,1743
9/25/2012,1908.3,40.9,1710
9/26/2012,1879.5,41.16,1735
9/27/2012,1899.15,40.36,1726
9/28/2012,1913.14,41.16,1753
10/1/2012,1924.99,41.52,1768
10/2/2012,1912.61,41.88,1780
10/3/2012,1912.34,41.7,1784
10/4/2012,1930.11,41.7,1788
10/5/2012,1921.76,41.86,1805
10/8/2012,1910.45,41.88,1818
10/9/2012,1911,40.78,1785
10/10/2012,1897.26,40.82,1800
10/11/2012,1905.61,40.87,1770
10/12/2012,1903.18,41.04,1787
10/15/2012,1870.07,40.52,1778
10/16/2012,1881.38,39.16,1741
10/17/2012,1884.07,39.58,1745
10/18/2012,1877.61,39.64,1756
10/19/2012,1871.15,39.54,1749
10/22/2012,1860.12,39,1735
10/23/2012,1843.15,38.81,1710
10/24/2012,1838.3,38.2,1680
10/25/2012,1848,38.21,1679
10/26/2012,1848.54,38.6,1680
10/29/2012,1838.84,38.7,1670
10/30/2012,1842.07,38.26,1640
10/31/2012,1851.77,38.34,1650
11/1/2012,1848.81,38.664,1673
11/2/2012,1815.15,38.86,1678
11/5/2012,1813.54,37.8,1655
11/6/2012,1821.61,37.2,1647
11/7/2012,1847.73,37.39,1648
11/8/2012,1849.61,37.86,1658
11/9/2012,1872.5,38.26,1644
11/12/2012,1869.26,39.08,1670
11/13/2012,1859.57,39.06,1667
11/14/2012,1859.03,39.17,1690
11/15/2012,1842.08,39.2,1686
11/16/2012,1845.84,38.98,1681
11/19/2012,1864.15,38.64,1657
11/20/2012,1866.03,39.5,1675
11/21/2012,1857.15,39.72,1680
11/26/2012,1885.69,39.59,1675
11/27/2012,1881.11,40.824,1714
11/28/2012,1839.92,40.836,1719
11/29/2012,1858.22,40.14,1695
11/30/2012,1859.3,41.1,1720
12/3/2012,1852.84,40.92,1718
12/4/2012,1828.89,40.48,1699
12/5/2012,1824.84,39.72,1687
12/6/2012,1825.11,39.35,1687
12/7/2012,1832.92,39.74,1682
12/10/2012,1844.76,39.82,1703
12/11/2012,1842.08,40.02,1724
12/12/2012,1848.81,39.44,1732
12/13/2012,1823.5,40.04,1741
12/14/2012,1827.26,39.12,1707
12/17/2012,1826.73,39.02,1714
12/18/2012,1824.84,38.7,1708
12/19/2012,1793.62,38.724,1712
12/20/2012,1778.01,37.62,1699
12/21/2012,1779.08,35.98,1665
12/26/2012,1794.69,36.16,1635
12/27/2012,1783.39,36.06,1640
12/28/2012,1785.54,36.18,1636
12/31/2012,1792.54,36,1630
1/2/2013,1824.58,36.16,1624
1/3/2013,1809.23,37.656,1669
1/4/2013,1775.31,37.2,1676
1/7/2013,1772.35,35.808,1665
1/8/2013,1783.93,36,1654
1/9/2013,1785.81,36.432,1670
1/10/2013,1804.39,36.2,1696
1/11/2013,1785.54,37.02,1724
1/14/2013,1795.23,36.47,1729
1/15/2013,1810.31,37.07,1761
1/16/2013,1805.73,37.62,1793
1/17/2013,1804.39,37.61,1782
1/18/2013,1818.92,38.08,1790
1/22/2013,1821.07,38.38,1785
1/23/2013,1820.81,38.41,1790
1/24/2013,1800.08,38.78,1801
1/25/2013,1788.23,38.16,1783
1/28/2013,1784.47,37.5,1781
1/29/2013,1792,37.19,1784
1/30/2013,1807.08,37.42,1776
1/31/2013,1793.35,38.38,1791
2/1/2013,1797.93,38,1775
2/4/2013,1794.69,38.196,1793
2/5/2013,1802.76,38.052,1800
2/6/2013,1803.58,38.076,1807
2/7/2013,1796.85,38.124,1830
2/8/2013,1797.12,38.1,1840
2/11/2013,1779.62,37.944,1818
2/12/2013,1774.77,37.26,1812
2/13/2013,1772.08,37.092,1812
2/14/2013,1773.16,37.128,1835
2/15/2013,1736.81,37.044,1828
2/19/2013,1731.96,35.856,1780
2/20/2013,1711.24,35.52,1788
2/21/2013,1698.85,34.32,1750
2/22/2013,1698.32,34.52,1710
2/25/2013,1708.82,34.25,1714
2/26/2013,1713.39,34.84,1724
2/27/2013,1728.2,34.5,1708
2/28/2013,1711.24,34.99,1712
3/1/2013,1704.51,34.5,1701
3/4/2013,1695.9,34.36,1682
3/5/2013,1701.82,34.42,1681
3/6/2013,1695.63,34.62,1690
3/7/2013,1701.58,34.58,1693
3/8/2013,1703.97,34.74,1699
3/11/2013,1701,34.908,1691
3/12/2013,1717.16,34.61,1697
3/13/2013,1712.05,35.22,1707
3/14/2013,1708.55,34.92,1698
3/15/2013,1718.77,34.57,1686
3/18/2013,1727.66,34.74,1696
3/19/2013,1735.2,34.74,1683
3/20/2013,1731.7,34.82,1682
3/21/2013,1738.43,34.62,1669
3/22/2013,1731.98,35.1,1686
3/25/2013,1722.82,34.56,1683
3/26/2013,1721.47,34.46,1679
3/27/2013,1726.86,34.48,1667
3/28/2013,1721.74,34.31,1678
4/1/2013,1720.28,34.24,1679
4/2/2013,1705.85,33.576,1685
4/3/2013,1696.44,33.18,1682
4/4/2013,1666.01,32.64,1672
4/5/2013,1689.17,32.22,1629
4/8/2013,1696.7,32.46,1635
4/9/2013,1699.12,32.664,1635
4/10/2013,1696.7,33.408,1648
4/11/2013,1685.93,33.168,1640
4/12/2013,1654.17,33.36,1636
4/15/2013,1502.87,32.028,1617
4/16/2013,1486.73,28.272,1548
4/17/2013,1499.65,28.188,1550
4/18/2013,1501.53,28.308,1542
4/19/2013,1514.18,27.996,1535
4/22/2013,1534.64,28.044,1529
4/23/2013,1516.87,28.068,1538
4/24/2013,1538.95,27.456,1525
4/25/2013,1563.18,27.624,1530
4/26/2013,1585.25,28.74,1560
4/29/2013,1580.94,29.35,1583
4/30/2013,1582.56,29.17,1610
5/1/2013,1567.21,29.1,1610
5/2/2013,1582.83,28.16,1582
5/3/2013,1582.83,28.75,1590
5/6/2013,1581.49,29.16,1602
5/7/2013,1555.91,28.84,1596
5/8/2013,1581.49,28.38,1585
5/9/2013,1578.79,28.62,1594
5/10/2013,1536.8,28.67,1609
5/13/2013,1541.37,28.02,1590
5/14/2013,1544.6,28.5,1588
5/15/2013,1519.03,28.308,1600
5/16/2013,1487.8,27.22,1598
5/17/2013,1474.61,27.18,1582
5/20/2013,1459.53,26.988,1565
5/21/2013,1465.99,26.11,1550
5/22/2013,1517.41,26.71,1559
5/23/2013,1487.26,27.4,1574
5/24/2013,1497.75,26.88,1560
5/28/2013,1482.95,27.06,1559
5/29/2013,1489.41,26.7,1558
5/30/2013,1522.79,26.83,1560
5/31/2013,1502.33,27.65,1570
6/3/2013,1510.94,26.81,1566
6/4/2013,1507.72,27.17,1593
6/5/2013,1512.57,26.88,1586
6/6/2013,1508.26,27.11,1603
6/7/2013,1493.19,26.99,1620
6/10/2013,1490.22,26.47,1605
6/11/2013,1480.53,26.256,1600
6/12/2013,1489.68,26.208,1590
6/13/2013,1492.1,26.232,1586
6/14/2013,1498.84,26.184,1560
6/17/2013,1491.83,26.484,1551
6/18/2013,1472.45,26.22,1544
6/19/2013,1478.91,25.92,1535
6/20/2013,1392.5,26.172,1532
6/21/2013,1395.46,23.988,1483
6/24/2013,1386.31,23.94,1464
6/25/2013,1377.96,23.664,1459
6/26/2013,1331.93,23.556,1450
6/27/2013,1328.16,22.62,1418
6/28/2013,1284.28,22.608,1427
7/1/2013,1338.92,23.22,1420
7/2/2013,1349.43,23.472,1463
7/3/2013,1346.74,23.4,1470
7/5/2013,1306.62,23.76,1462
7/8/2013,1330.85,22.56,1415
7/9/2013,1352.65,23.016,1455
7/10/2013,1353.2,23.136,1463
7/11/2013,1384.42,23.16,1470
7/12/2013,1378.77,24.096,1505
7/15/2013,1384.15,23.808,1503
7/16/2013,1391.43,23.856,1513
7/17/2013,1397.62,24.024,1526
7/18/2013,1382.54,24.12,1526
7/19/2013,1396,23.22,1513
7/22/2013,1429.65,23.4,1525
7/23/2013,1436.65,24.516,1544
7/24/2013,1438.26,24.384,1527
7/25/2013,1428.57,24.372,1550
7/26/2013,1433.95,24.228,1543
7/29/2013,1432.61,24.06,1528
7/30/2013,1426.58,23.904,1541
7/31/2013,1416.18,23.76,1537
8/1/2013,1416.73,23.58,1534
8/2/2013,1410.54,23.676,1537
8/5/2013,1405.69,24,1536
8/6/2013,1379.58,23.712,1547
8/7/2013,1381.73,23.496,1524
8/8/2013,1398.69,23.4,1523
8/9/2013,1410.21,24.18,1580
8/12/2013,1444.72,24.444,1592
8/13/2013,1431.27,25.62,1608
8/14/2013,1429.12,25.788,1603
8/15/2013,1432.61,26.1,1593
8/16/2013,1475.15,26.352,1603
8/19/2013,1470.57,27.72,1624
8/20/2013,1478.64,27.72,1610
8/21/2013,1468.42,27.888,1616
8/22/2013,1481.88,27.54,1615
8/23/2013,1484.03,27.9,1623
8/26/2013,1505.3,28.38,1639
8/27/2013,1528.98,29.076,1635
8/28/2013,1529.25,29.58,1646
8/29/2013,1516.6,29.34,1626
8/30/2013,1502.6,28.632,1626
9/3/2013,1507.18,28.236,1617
9/4/2013,1501.8,29.316,1629
9/5/2013,1496.41,28.236,1596
9/6/2013,1488.34,28.104,1587
9/9/2013,1494.26,28.476,1599
9/10/2013,1471.11,28.404,1590
9/11/2013,1467.34,27.66,1572
9/12/2013,1433.95,27.696,1578
9/13/2013,1419.42,26.712,1546
9/16/2013,1418.88,26.22,1542
9/17/2013,1416.18,26.376,1545
9/18/2013,1401.65,26.22,1537
9/19/2013,1470.57,25.824,1520
9/20/2013,1457.65,27.828,1570
9/23/2013,1425.34,27.156,1547
9/24/2013,1411.35,26.112,1524
9/25/2013,1423.19,25.74,1522
9/26/2013,1434.49,26.076,1526
9/27/2013,1438.26,26.16,1524
9/30/2013,1426.96,26.112,1516
10/1/2013,1396.8,25.78,1511
10/2/2013,1402.19,25.032,1480
10/3/2013,1414.03,25.62,1492
10/4/2013,1419.96,25.968,1478
10/7/2013,1420.49,26.16,1489
10/8/2013,1424.81,26.34,1488
10/9/2013,1409.51,26.88,1510
10/10/2013,1399,26.34,1488
10/11/2013,1363.42,26.316,1488
10/14/2013,1383.88,25.5,1472
10/15/2013,1361.27,25.836,1482
10/16/2013,1376.88,25.176,1475
10/17/2013,1418.88,25.548,1495
10/18/2013,1419.42,26.1,1520
10/21/2013,1418.88,26.292,1538
10/22/2013,1431.27,26.724,1538
10/23/2013,1435.03,26.952,1532
10/24/2013,1445.37,27.096,1550
10/25/2013,1447.2,27.264,1547
10/28/2013,1456.03,26.82,1540
10/29/2013,1452.37,27.072,1561
10/30/2013,1460.33,27.048,1567
10/31/2013,1429.12,27.6,1577
11/1/2013,1417,26.436,1560
11/4/2013,1420.76,26.304,1555
11/5/2013,1417.97,26.172,1553
11/6/2013,1419.42,26.04,1554
11/7/2013,1409.19,26.244,1565
11/8/2013,1394.44,25.92,1553
11/11/2013,1383.02,25.764,1549
11/12/2013,1380.65,25.704,1530
11/13/2013,1373.66,25.488,1537
11/14/2013,1381.19,24.852,1538
11/15/2013,1388.19,24.84,1551
11/18/2013,1383.34,24.936,1538
11/19/2013,1373.12,24.816,1530
11/20/2013,1358.04,24.432,1510
11/21/2013,1337.47,24.336,1504
11/22/2013,1342.97,23.808,1493
11/25/2013,1331.12,23.988,1496
11/26/2013,1340.27,23.796,1483
11/27/2013,1346.74,24,1484
12/2/2013,1334.35,23.988,1477
12/3/2013,1314.75,23.64,1460
12/4/2013,1324.12,22.92,1445
12/5/2013,1319.81,23.184,1457
12/6/2013,1330.58,23.16,1464
12/9/2013,1327.35,23.508,1467
12/10/2013,1361.81,23.58,1473
12/11/2013,1357.5,24.48,1493
12/12/2013,1326.27,24.492,1488
12/13/2013,1328.53,23.544,1471
12/16/2013,1331.33,23.496,1467
12/17/2013,1329.61,23.592,1467
12/18/2013,1328.43,23.76,1454
12/19/2013,1296.13,23.952,1454
12/20/2013,1289.66,23.088,1420
12/23/2013,1292.89,23.124,1428
12/26/2013,1306.89,23.34,1432
12/27/2013,1310.12,23.88,1460
12/30/2013,1300.43,24.06,1474
12/31/2013,1278.36,23.64,1457
1/2/2014,1318.73,22.656,1456
1/3/2014,1325.52,24.132,1488
1/6/2014,1336.4,24.12,1504
1/7/2014,1327.56,24.204,1509
1/8/2014,1317.44,23.724,1514
1/9/2014,1319.27,23.328,1505
1/10/2014,1338.55,23.388,1515
1/13/2014,1343.5,24.108,1525
1/14/2014,1345.65,24.096,1536
1/15/2014,1332.73,24.384,1533
1/16/2014,1339.3,24.06,1516
1/17/2014,1346.3,24.204,1525
1/21/2014,1332.73,24.348,1548
1/22/2014,1336.5,23.688,1545
1/23/2014,1352.65,23.844,1559
1/24/2014,1365.57,24.204,1555
1/27/2014,1360.52,24.192,1544
1/28/2014,1356.1,23.82,1522
1/29/2014,1365.04,23.688,1519
1/30/2014,1335.97,23.868,1517
1/31/2014,1348.03,22.884,1489
2/3/2014,1345.12,23.22,1483
2/4/2014,1345.64,23.16,1487
2/5/2014,1360.74,23.196,1475
2/6/2014,1359,23.952,1484
2/7/2014,1356.42,24.096,1481
2/10/2014,1373.66,23.82,1480
2/11/2014,1377.63,24.276,1491
2/12/2014,1390.88,23.988,1481
2/13/2014,1394.11,24.3,1503
2/14/2014,1420.49,24.3,1498
2/18/2014,1424.27,25.44,1527
2/19/2014,1421.57,26.04,1525
2/20/2014,1417.81,26.16,1525
2/21/2014,1424.81,26.076,1514
2/24/2014,1437.73,26.112,1523
2/25/2014,1438.26,26.46,1531
2/26/2014,1437.19,26.22,1536
2/27/2014,1434.49,25.98,1533
2/28/2014,1433.2,25.56,1548
3/3/2014,1450.11,25.584,1556
3/4/2014,1437.19,25.716,1560
3/5/2014,1440.41,25.32,1555
3/6/2014,1444.94,25.5,1586
3/7/2014,1438.8,25.524,1590
3/10/2014,1440.84,25.08,1579
3/11/2014,1453.34,25.044,1578
3/12/2014,1470.03,25.392,1588
3/13/2014,1473.26,25.308,1578
3/14/2014,1491.03,25.416,1582
3/17/2014,1483.6,26.076,1589
3/18/2014,1457.11,25.596,1578
3/19/2014,1448.61,24.864,1560
3/20/2014,1427.71,24.876,1560
3/21/2014,1442.04,24.42,1542
3/24/2014,1419.42,24.528,1543
3/25/2014,1414.03,24.228,1541
3/26/2014,1411.35,24.108,1538
3/27/2014,1397.89,23.976,1521
3/28/2014,1390.34,23.64,1509
3/31/2014,1392.5,23.796,1508
4/1/2014,1384.09,23.82,1523
4/2/2014,1392.5,23.736,1534
4/3/2014,1384.09,24.048,1539
4/4/2014,1400.57,23.784,1541
4/7/2014,1397.67,24.168,1549
4/8/2014,1411.35,23.784,1540
4/9/2014,1404.89,24.12,1542
4/10/2014,1420.49,23.664,1540
4/11/2014,1421.03,24.216,1560
4/14/2014,1427.49,24,1559
4/15/2014,1393.9,24,1571
4/16/2014,1404.89,23.352,1540
4/17/2014,1402.72,23.58,1547
4/21/2014,1390.88,23.604,1542
4/22/2014,1387.65,23.328,1513
4/23/2014,1384.42,23.34,1508
4/24/2014,1373.66,23.34,1505
4/25/2014,1400.57,23.136,1499
4/28/2014,1403.81,23.7,1523
4/29/2014,1396.26,23.592,1533
4/30/2014,1389.8,23.352,1529
5/1/2014,1376.88,23.064,1529
5/2/2014,1384.42,22.704,1517
5/5/2014,1415.11,22.98,1530
5/6/2014,1408.76,23.616,1558
5/7/2014,1404.03,23.58,1557
5/8/2014,1389.05,23.448,1548
5/9/2014,1390.34,23.1,1540
5/12/2014,1402.4,23.028,1534
5/13/2014,1396.8,23.532,1545
5/14/2014,1405.96,23.46,1558
5/15/2014,1397.34,23.82,1577.5
5/16/2014,1390.88,23.532,1576
5/19/2014,1402.19,23.196,1569
5/20/2014,1388.51,23.46,1588
5/21/2014,1390.88,23.124,1574
5/22/2014,1400.79,23.256,1578
5/23/2014,1392.5,23.568,1596
5/27/2014,1375.81,23.304,1587
5/28/2014,1361.81,22.98,1571
5/29/2014,1351.04,22.896,1559
5/30/2014,1352.11,22.668,1551
6/2/2014,1343.83,22.848,1569
6/3/2014,1341.35,22.644,1542
6/4/2014,1343.5,22.572,1536
6/5/2014,1348.14,22.632,1527
6/6/2014,1353.2,22.776,1545
6/9/2014,1351.04,22.932,1558
6/10/2014,1359,22.908,1554
6/11/2014,1361.27,23.028,1583
6/12/2014,1363.96,23.136,1588
6/13/2014,1371.17,23.136,1543
6/16/2014,1376.13,23.448,1542
6/17/2014,1362.89,23.58,1546
6/18/2014,1368.92,23.556,1532
6/19/2014,1387.76,23.688,1556
6/20/2014,1412.1,24.156,1564
6/23/2014,1415.65,24.888,1561
6/24/2014,1423.95,25.02,1558
6/25/2014,1418.13,25.212,1574
6/26/2014,1419.42,25.128,1564
6/27/2014,1420.6,25.248,1571
6/30/2014,1415.11,25.38,1584
7/1/2014,1430.19,24.984,1586
7/2/2014,1429.12,25.344,1602
7/3/2014,1418.34,25.296,1616
7/7/2014,1415.86,25.26,1607
7/8/2014,1425.13,25.14,1606
7/9/2014,1426.74,25.344,1604
7/10/2014,1444.29,25.344,1609
7/11/2014,1438.8,25.74,1617
7/14/2014,1405.96,25.704,1611
7/15/2014,1409.72,25.104,1599
7/16/2014,1399.39,25.152,1602
7/17/2014,1404.99,24.9,1584
7/18/2014,1410.27,24.984,1602
7/21/2014,1417.48,25.176,1602
7/22/2014,1414.57,25.212,1599
7/23/2014,1407.04,25.176,1592
7/24/2014,1398.96,25.116,1591
7/25/2014,1394.11,25.032,1574
7/28/2014,1403.81,24.516,1578
7/29/2014,1410.05,24.708,1591
7/30/2014,1395.73,24.84,1589
7/31/2014,1388.19,24.684,1584
8/1/2014,1393.9,24.72,1576
8/4/2014,1393.58,24.588,1566
8/5/2014,1387.33,24.48,1569
8/6/2014,1406.5,23.976,1558
8/7/2014,1405.42,23.94,1561
8/8/2014,1411.88,23.94,1570
8/11/2014,1408.97,23.952,1579
8/12/2014,1416.95,23.952,1575
8/13/2014,1414.57,24.096,1577
8/14/2014,1413.82,23.976,1575
8/15/2014,1396.26,23.844,1572
8/18/2014,1397.34,23.484,1550
8/19/2014,1400.04,23.484,1551
8/20/2014,1396.16,23.508,1546
8/21/2014,1375.48,23.46,1531
8/22/2014,1378.17,23.28,1522
8/25/2014,1376.24,23.364,1519
8/26/2014,1388.08,23.28,1520
8/27/2014,1385.5,23.484,1526
8/28/2014,1391.75,23.34,1523
8/29/2014,1387.12,23.604,1531
9/2/2014,1366.66,23.472,1527
9/3/2014,1364.71,23.076,1515
9/4/2014,1366.12,23.028,1511
9/5/2014,1365.04,23.04,1509
9/8/2014,1362.56,22.872,1509
9/9/2014,1351.04,23.016,1507
9/10/2014,1346.08,22.776,1498
9/11/2014,1341.35,22.788,1485
9/12/2014,1330.58,22.464,1481
9/15/2014,1331.12,22.284,1463
9/16/2014,1332.3,22.38,1471
9/17/2014,1333.81,22.452,1466
9/18/2014,1315.51,22.44,1468
9/19/2014,1319.81,22.068,1447
9/22/2014,1308.18,22.14,1447
9/23/2014,1320.67,21.264,1432
9/24/2014,1312.49,21.36,1440
9/25/2014,1303.34,21.12,1431
9/26/2014,1310.66,20.916,1413
9/29/2014,1314.85,21,1407
9/30/2014,1307.96,21.072,1409
10/1/2014,1307.64,20.772,1403
10/2/2014,1310.12,20.568,1379
10/3/2014,1294.5,20.568,1376
10/6/2014,1290.74,20.4,1352
10/7/2014,1302.15,20.508,1332
10/8/2014,1311.74,20.748,1362
10/9/2014,1322.4,20.808,1378
10/10/2014,1316.69,21.036,1387
10/13/2014,1322.51,20.736,1361
10/14/2014,1331.12,20.832,1360
10/15/2014,1332.19,21.012,1371
10/16/2014,1334.02,20.856,1360
10/17/2014,1333.81,20.712,1345
10/20/2014,1340.37,20.796,1362
10/21/2014,1349.43,20.892,1371
10/22/2014,1339.62,21.132,1384
10/23/2014,1329.94,20.7,1373
10/24/2014,1328.32,20.58,1365
10/27/2014,1326.27,20.724,1358
10/28/2014,1329.83,20.604,1358
10/29/2014,1318.09,20.844,1374
10/30/2014,1299.14,20.664,1374
10/31/2014,1254.34,20.016,1356
11/3/2014,1260.7,19.116,1325
11/4/2014,1257.89,19.272,1345
11/5/2014,1232.58,19.188,1332
11/6/2014,1232.81,18.42,1307
11/7/2014,1242.17,18.42,1297
11/10/2014,1256.81,18.732,1302
11/11/2014,1246.27,18.78,1313
11/12/2014,1255.31,18.732,1299
11/13/2014,1254.02,18.732,1308
11/14/2014,1237.97,18.876,1305
11/17/2014,1276.73,18.432,1283
11/18/2014,1289.12,19.344,1307
11/19/2014,1290.63,19.476,1310
11/20/2014,1285.79,19.524,1311
11/21/2014,1297.53,19.464,1309
11/24/2014,1290.63,19.812,1335
11/25/2014,1289.88,19.716,1327
11/26/2014,1291.71,19.956,1318
12/1/2014,1274.15,19.932,1326
12/2/2014,1293.75,19.092,1313
12/3/2014,1296.34,19.656,1326
12/4/2014,1303.45,19.764,1329
12/5/2014,1288.58,19.944,1345
12/8/2014,1289.88,19.644,1337
12/9/2014,1312.27,19.584,1337
12/10/2014,1323.58,20.1,1350
12/11/2014,1312.7,20.388,1347
12/12/2014,1314.42,20.436,1336
12/15/2014,1303.99,20.472,1337
12/16/2014,1304.09,20.256,1318
12/17/2014,1290.74,19.584,1323
12/18/2014,1295.36,18.996,1308
12/19/2014,1290.2,19.06,1311
12/22/2014,1287.51,19.128,1303
12/23/2014,1268.12,19.152,1301
12/26/2014,1290.42,18.9,1289
12/29/2014,1285.36,19.464,1320
12/30/2014,1289.66,19.32,1320
12/31/2014,1289.66,19.2,1312
1/2/2015,1262.31,19.32,1310
1/5/2015,1288.26,18.732,1298
1/6/2015,1303.13,19.26,1311
1/7/2015,1306.46,19.512,1317
1/8/2015,1306.35,19.68,1322
1/9/2015,1307.32,19.848,1325
1/12/2015,1317.77,19.68,1329
1/13/2015,1335.43,19.836,1336
1/14/2015,1335.43,20.532,1347
1/15/2015,1350.18,20.328,1345
1/16/2015,1366.66,20.484,1362
1/20/2015,1385.83,20.592,1366
1/21/2015,1402.51,21.36,1371
1/22/2015,1399.71,22.08,1389
1/23/2015,1397.34,21.96,1383
1/26/2015,1383.88,21.924,1378
1/27/2015,1386.04,21.756,1360
1/28/2015,1386.04,21.588,1366
1/29/2015,1368.81,21.6,1361
1/30/2015,1359.66,20.928,1336
2/2/2015,1366.66,20.244,1325
2/3/2015,1364.39,20.496,1327
2/4/2015,1364.28,20.736,1332
2/5/2015,1359.88,20.88,1342
2/6/2015,1338.12,20.688,1339
2/9/2015,1334.35,20.28,1341
2/10/2015,1331.12,20.34,1319
2/11/2015,1329.51,20.304,1320
2/12/2015,1321.1,20.328,1304
2/13/2015,1325.2,20.28,1308
2/17/2015,1315.72,20.7,1305
2/18/2015,1301.29,19.992,1296
2/19/2015,1308.18,19.74,1276
2/20/2015,1302.36,19.944,1274
2/23/2015,1291.6,19.668,1270
2/24/2015,1289.66,19.668,1266
2/25/2015,1298.82,19.5,1263
2/26/2015,1308.18,19.877,1269
2/27/2015,1303.34,20.1,1284
3/2/2015,1309.05,19.824,1280
3/3/2015,1301.93,19.92,1288
3/4/2015,1297.74,19.728,1288
3/5/2015,1296.67,19.536,1281
3/6/2015,1272.97,19.524,1289
3/9/2015,1261.66,19.08,1269
3/10/2015,1256.81,19.008,1258
3/11/2015,1249.01,18.9,1244
3/12/2015,1248.53,18.756,1221
3/13/2015,1246.86,18.768,1220
3/16/2015,1246.86,18.72,1216
3/17/2015,1234.21,18.828,1214
3/18/2015,1237.97,18.516,1184
3/19/2015,1254.66,18.624,1190
3/20/2015,1263.28,19.128,1212
3/23/2015,1276.09,19.512,1223
3/24/2015,1285.36,20.244,1243
3/25/2015,1291.06,20.376,1239
3/26/2015,1297.2,20.52,1247
3/27/2015,1293.43,20.472,1250
3/30/2015,1274.05,20.52,1245
3/31/2015,1278.14,20.04,1222
4/1/2015,1285.03,20.004,1232
4/2/2015,1295.04,20.028,1245
4/3/2015,1295.04,20.148,1257
4/6/2015,1316.05,20.148,1257
4/7/2015,1305.17,20.64,1279
4/8/2015,1301.5,20.268,1270
4/9/2015,1288.9,20.16,1272
4/10/2015,1298.28,19.416,1265
4/13/2015,1299.68,19.752,1274
4/14/2015,1288.58,19.716,1257
4/15/2015,1287.08,19.464,1250
4/16/2015,1297.31,19.44,1251
4/17/2015,1295.04,19.704,1270
4/20/2015,1289.12,19.56,1264
4/21/2015,1291.17,19.164,1253
4/22/2015,1289.44,19.2,1255
4/23/2015,1280.83,19.152,1241
4/24/2015,1281.58,19.008,1232
4/27/2015,1279.11,19.02,1231
4/28/2015,1297.74,19.332,1228
4/29/2015,1302.59,19.716,1247
4/30/2015,1281.05,20.004,1261
5/1/2015,1261.66,19.284,1239
5/4/2015,1283.2,19.26,1230
5/5/2015,1290.2,20.004,1242
5/6/2015,1286.43,19.98,1259
5/7/2015,1275.34,19.908,1247
5/8/2015,1283.53,19.572,1233
5/11/2015,1282.12,19.788,1243
5/12/2015,1283.2,19.836,1235
5/13/2015,1298.49,19.656,1237
5/14/2015,1315.51,20.436,1246
5/15/2015,1312.49,20.88,1255
5/18/2015,1323.05,21,1261
5/19/2015,1309.16,21.228,1277
5/20/2015,1303.66,20.88,1258
5/21/2015,1297.74,20.64,1256
5/22/2015,1296.13,20.556,1249
5/26/2015,1297.33,20.46,1246
5/27/2015,1278.14,20.064,1230
5/28/2015,1278.9,19.992,1225
5/29/2015,1282.93,20.04,1218
6/1/2015,1284.17,20.112,1218
6/2/2015,1285.36,20.124,1212
6/3/2015,1283.2,20.124,1208
6/4/2015,1270.06,19.932,1212
6/5/2015,1257.24,19.644,1203
6/8/2015,1264.14,19.248,1195
6/9/2015,1271.9,19.296,1201
6/10/2015,1282.23,19.248,1212
6/11/2015,1272.86,19.416,1220
6/12/2015,1269.2,19.188,1211
6/15/2015,1271.14,19.056,1198
6/16/2015,1270.49,19.176,1180
6/17/2015,1269.63,19.164,1187
6/18/2015,1294.72,19.212,1176
6/19/2015,1295.04,19.8,1191
6/22/2015,1282.55,19.44,1188
6/23/2015,1267.69,19.32,1171
6/24/2015,1264.03,18.96,1164
6/25/2015,1264.47,19.008,1170
6/26/2015,1262.52,18.984,1178
6/29/2015,1271.14,18.936,1177
6/30/2015,1261.66,19.008,1184
7/1/2015,1260.59,18.744,1181
7/2/2015,1257.14,18.768,1184
7/6/2015,1255.2,18.876,1185
7/7/2015,1246.59,18.696,1150
7/8/2015,1253.05,18.3,1147
7/9/2015,1257.35,18.3,1117
7/10/2015,1250.35,18.6,1134
7/13/2015,1242.01,18.564,1134
7/14/2015,1246.81,18.516,1125
7/15/2015,1237.97,18.516,1132
7/16/2015,1234.75,18.144,1121
7/17/2015,1225.05,18.06,1107
7/20/2015,1195.98,17.88,1100
7/21/2015,1190.59,17.712,1083
7/22/2015,1176.06,17.82,1084
7/23/2015,1180.9,17.7,1066
7/24/2015,1165.83,17.76,1089
7/27/2015,1179.29,17.364,1081
7/28/2015,1180.36,17.568,1078
7/29/2015,1180.36,17.556,1078
7/30/2015,1170.89,17.676,1085
7/31/2015,1178.75,17.7,1086
8/3/2015,1176.06,17.832,1081
8/4/2015,1176.6,17.7,1073
8/5/2015,1173.36,17.532,1057
8/6/2015,1171.48,17.52,1053
8/7/2015,1170.14,17.532,1050
8/10/2015,1181.44,17.532,1048
8/11/2015,1193.28,17.94,1073
8/12/2015,1202.44,18.264,1085
8/13/2015,1202.98,18.48,1092
8/14/2015,1205.24,18.456,1090
8/17/2015,1206.53,18.6,1099
8/18/2015,1202.44,18.42,1092
8/19/2015,1209.01,17.928,1091
8/20/2015,1232.81,18.036,1095
8/21/2015,1248.53,18.612,1119
8/23/2015,1248.53,18.576,1130
8/24/2015,1255.2,18.576,1130
8/25/2015,1237.43,17.712,1088
8/26/2015,1213.2,17.82,1096
8/27/2015,1209.98,17.16,1075
8/28/2015,1216.44,17.04,1092
8/29/2015,1216.44,17.4,1105
8/30/2015,1216.44,17.4,1105
8/31/2015,1215.36,17.4,1105
9/1/2015,1233.67,17.4,1100
9/2/2015,1225.59,17.7,1107
9/3/2015,1211.05,17.52,1109
9/4/2015,1206.74,17.58,1104
9/5/2015,1206.74,17.472,1093
9/6/2015,1206.74,17.472,1093
9/8/2015,1211.05,17.472,1093
9/9/2015,1198.67,17.7,1100
9/10/2015,1199.74,17.64,1094
9/11/2015,1190.59,17.844,1089
9/12/2015,1190.59,17.52,1073
9/13/2015,1190.59,17.52,1073
9/14/2015,1190.59,17.52,1073
9/15/2015,1190.59,17.364,1054
9/16/2015,1199.21,17.22,1061
9/17/2015,1203.52,17.7,1066
9/18/2015,1227.21,17.88,1062
9/19/2015,1227.21,18.36,1090
9/21/2015,1221.82,18.36,1090
9/22/2015,1209.98,18.252,1074
9/23/2015,1218.59,17.76,1048
9/24/2015,1230.43,17.82,1039
9/25/2015,1234.75,17.88,1037
9/28/2015,1217.51,18.144,1047
9/29/2015,1217.51,17.52,1024
9/30/2015,1201.37,17.52,1013
10/1/2015,1202.44,17.46,1010
10/2/2015,1222.9,17.46,1010
10/5/2015,1223.97,17.976,1014
10/6/2015,1232.58,18.66,1017
10/7/2015,1235.82,18.996,1033
10/8/2015,1227.75,19.14,1047
10/9/2015,1243.36,18.66,1036
10/12/2015,1255.2,18.96,1080
10/13/2015,1253.05,19.152,1095
10/14/2015,1264.9,19.08,1085
10/15/2015,1273.51,19.176,1092
10/16/2015,1274.58,19.32,1093
10/19/2015,1267.59,19.32,1109
10/20/2015,1263.81,19.164,1116
10/21/2015,1265.97,19.068,1115
10/22/2015,1256.28,18.9,1109
10/23/2015,1263.81,19.008,1103
10/26/2015,1256.28,19.14,1108
10/27/2015,1253.05,19.14,1097
10/28/2015,1265.97,19.02,1087
10/29/2015,1241.21,19.32,1105
10/30/2015,1232.58,18.864,1094
11/2/2015,1223.97,18.72,1192
11/3/2015,1212.13,18.48,1075
11/4/2015,1206.74,18.36,1062
11/5/2015,1197.05,18.36,1073
11/6/2015,1169.05,18.12,1056
11/9/2015,1175.51,17.736,1041
11/10/2015,1172.29,17.58,1020
11/11/2015,1172.29,17.244,1005
11/12/2015,1158.29,17.28,991
11/13/2015,1164.75,17.064,981
11/16/2015,1170.14,17.04,968
11/17/2015,1162.59,17.1,964
11/18/2015,1151.29,17.064,963
11/19/2015,1155.06,16.932,946
11/20/2015,1165.83,16.98,950
11/23/2015,1155.06,17.1,960
11/24/2015,1160.44,16.932,949
11/25/2015,1160.44,17.04,942
11/30/2015,1144.29,16.992,936
12/1/2015,1151.83,16.92,933
12/2/2015,1141.06,17.016,945
12/3/2015,1136.75,16.92,936
12/4/2015,1156.13,16.86,947
12/7/2015,1164.75,17.16,961
12/8/2015,1158.29,17.4,980
12/9/2015,1167.98,17.04,954
12/10/2015,1155.59,17.16,957
12/11/2015,1146.44,17.004,959
12/14/2015,1155.59,16.62,938
12/15/2015,1145.37,16.572,956
12/16/2015,1157.22,16.524,954
12/17/2015,1142.13,16.956,978
12/18/2015,1141.06,16.8,950
12/21/2015,1156.13,16.68,954
12/22/2015,1156.13,17.04,975
12/23/2015,1152.9,17.16,971
12/28/2015,1153.98,17.1,968
12/29/2015,1155.06,16.92,982
12/30/2015,1143.2,16.908,997
12/31/2015,1143.75,16.62,970
1/4/2016,1161.52,16.68,988
1/5/2016,1158.83,16.98,995
1/6/2016,1172.29,16.788,994
1/7/2016,1188.47,16.764,974
1/8/2016,1187.9,16.896,966
1/11/2016,1188.44,16.92,975
1/12/2016,1171.21,16.86,954
1/13/2016,1169.05,16.596,944
1/14/2016,1167.98,16.764,944
1/15/2016,1178.75,16.56,936
1/19/2016,1172.29,16.884,940
1/20/2016,1185.21,16.956,936
1/21/2016,1185.21,16.92,921
1/22/2016,1178.75,16.8,916
1/25/2016,1192.74,16.92,935
1/26/2016,1200.28,17.1,964
1/27/2016,1204.59,17.34,969
1/28/2016,1206.74,17.34,978
1/29/2016,1200.28,17.28,986
2/1/2016,1209.98,17.04,968
2/2/2016,1215.36,17.16,970
2/3/2016,1216.44,17.22,966
2/4/2016,1244.43,17.34,964
2/5/2016,1236.9,17.82,1000
2/8/2016,1276.73,17.7,1002
2/9/2016,1288.58,18.12,1016
2/10/2016,1279.97,18.42,1035
2/11/2016,1335.96,18.24,1029
2/12/2016,1332.73,18.78,1051
2/16/2016,1306.89,18.84,1060
2/17/2016,1301.5,18.48,1036
2/18/2016,1300.43,18.36,1042
2/19/2016,1323.05,18.348,1036
2/22/2016,1301.5,18.456,1044
2/23/2016,1314.42,18.096,1025
2/24/2016,1341.35,18.324,1032
2/25/2016,1321.97,18.648,1053
2/26/2016,1321.97,18.096,1033
2/29/2016,1326.27,18.06,1031
3/1/2016,1337.04,17.724,1022
3/2/2016,1330.58,17.88,1046
3/3/2016,1338.12,17.82,1034
3/4/2016,1361.81,18,1043
3/7/2016,1368.27,18.42,1063
3/8/2016,1370.42,18.84,1105
3/9/2016,1347.81,18.66,1108
3/10/2016,1361.81,18.36,1082
3/11/2016,1365.04,18.636,1081
3/14/2016,1348.89,18.732,1077
3/15/2016,1327.35,18.804,1075
3/16/2016,1324.12,18.24,1063
3/17/2016,1365.04,18.3,1068
3/18/2016,1351.04,19.02,1094
3/21/2016,1341.35,19.2,1080
3/22/2016,1348.89,18.96,1079
3/23/2016,1316.58,19.02,1095
3/24/2016,1316.58,18.456,1070
3/28/2016,1317.66,18.36,1064
3/29/2016,1324.12,18.336,1056
3/30/2016,1328.43,18.324,1051
3/31/2016,1334.89,18.36,1074
4/1/2016,1312.27,18.56,1079
4/4/2016,1316.58,17.94,1060
4/5/2016,1330.58,18.06,1057
4/6/2016,1314.96,18.24,1064
4/7/2016,1332.73,18,1045
4/8/2016,1328.43,18.26,1058
4/11/2016,1347.81,18.24,1060
4/12/2016,1357.5,18.9,1084
4/13/2016,1343.5,19.32,1093
4/14/2016,1330.58,19.44,1097
4/15/2016,1323.05,19.4,1096
4/18/2016,1334.89,19.38,1089
4/19/2016,1351.04,19.5,1081
4/20/2016,1347.81,20.46,1102
4/21/2016,1368.27,20.46,1121
4/22/2016,1339.19,21.1,1144
4/25/2016,1330.58,20.7,1131
4/26/2016,1339.19,20.46,1118
4/27/2016,1346.74,20.48,1106
4/28/2016,1354.27,20.82,1122
4/29/2016,1384.42,20.82,1144
5/2/2016,1395.19,21.52,1169
5/3/2016,1395.19,21.48,1186
5/4/2016,1384.42,21.18,1184
5/5/2016,1382.27,20.82,1164
5/6/2016,1385.5,21.06,1167
5/9/2016,1371.5,20.82,1175
5/10/2016,1359.66,20.6,1156
5/11/2016,1373.66,20.4,1146
5/12/2016,1373.66,20.94,1170
5/13/2016,1367.2,20.82,1160
5/16/2016,1385.5,20.4,1146
5/17/2016,1372.58,20.8,1161
5/18/2016,1366.12,20.58,1145
5/19/2016,1342.43,20.34,1137
5/20/2016,1355.35,19.74,1113
5/23/2016,1355.35,19.92,1128
5/24/2016,1335.97,19.92,1128
5/25/2016,1316.58,19.62,1109
5/26/2016,1326.81,19.5,1097
5/27/2016,1310.12,19.86,1106
5/30/2016,1310.12,19.5,1087
5/31/2016,1306.35,19.5,1087
6/1/2016,1306.35,19.3,1074
6/2/2016,1305.81,19.3,1074
6/3/2016,1335.97,19.14,1068
6/6/2016,1341.35,19.68,1082
6/7/2016,1334.89,19.74,1092
6/8/2016,1355.89,19.57,1089
6/9/2016,1357.5,20.4,1119
6/10/2016,1372.58,20.4,1096
6/13/2016,1386.58,20.82,1099
6/14/2016,1388.73,20.84,1096
6/15/2016,1383.34,20.96,1088
6/16/2016,1414.57,20.93,1083
6/17/2016,1393.04,21.36,1087
6/20/2016,1381.19,21,1070
6/21/2016,1373.66,20.88,1080
6/22/2016,1365.04,20.78,1075
6/23/2016,1361.81,20.72,1082
6/24/2016,1432.88,20.88,1064
6/27/2016,1429.65,21.6,1088
6/28/2016,1416.73,21.41,1089
6/29/2016,1424.27,21.36,1076
6/30/2016,1422.11,22.14,1100
7/1/2016,1439.34,22.2,1101
7/4/2016,1439.34,23.16,1141
7/5/2016,1453.34,23.16,1141
7/6/2016,1475.95,23.88,1164
7/7/2016,1464.11,24.14,1172
7/8/2016,1457.65,23.8,1188
7/11/2016,1458.72,23.64,1184
7/12/2016,1450.11,24.24,1191
7/13/2016,1444.72,24.38,1195
7/14/2016,1424.27,24.38,1193
7/15/2016,1431.8,24.08,1187
7/19/2016,1433.42,24.3,1194
7/21/2016,1418.88,23.94,1185
7/22/2016,1426.42,23.22,1191
7/25/2016,1423.19,23.58,1194
7/26/2016,1424.27,23.34,1170
7/27/2016,1435.03,23.58,1189
7/28/2016,1444.72,23.88,1207
7/29/2016,1451.19,24.42,1245
8/1/2016,1452.8,24.36,1245
8/2/2016,1468.96,24.6,1255
8/3/2016,1465.72,24.84,1277
8/4/2016,1468.96,24.6,1263
8/5/2016,1451.72,24.42,1259
8/8/2016,1440.41,24,1248
8/9/2016,1439.34,23.71,1251
8/10/2016,1456.57,23.64,1245
8/11/2016,1451.19,24.36,1284
8/12/2016,1457.65,24.2,1267
8/15/2016,1441.49,24.18,1248
8/16/2016,1451.19,23.72,1214
8/17/2016,1451.19,23.8,1226
8/18/2016,1454.42,23.6,1211
8/19/2016,1445.8,23.7,1224
8/22/2016,1445.8,23.06,1208
8/23/2016,1449.04,22.8,1212
8/24/2016,1432.88,22.86,1210
8/25/2016,1423.19,22.56,1192
8/26/2016,1431.8,22.28,1176
8/29/2016,1422.11,22.5,1179
8/30/2016,1419.96,22.32,1180
8/31/2016,1408.65,22.5,1169
9/1/2016,1410.27,22.38,1152
9/2/2016,1425.34,22.44,1145
9/5/2016,1425.34,22.99,1154
9/6/2016,1437.73,22.99,1154
9/7/2016,1454.96,23.52,1189
9/8/2016,1447.41,24,1199
9/9/2016,1438.26,23.76,1190
9/12/2016,1427.49,23.38,1175
9/13/2016,1429.65,22.74,1145
9/14/2016,1422.11,22.9,1148
9/15/2016,1419.42,22.74,1134
9/16/2016,1411.35,22.74,1133
9/19/2016,1416.73,22.7,1114
9/20/2016,1415.65,23.04,1123
9/21/2016,1426.96,22.98,1124
9/22/2016,1440.41,23.52,1145
9/23/2016,1439.34,23.94,1161
9/26/2016,1444.72,23.76,1157
9/27/2016,1431.8,23.5,1138
9/28/2016,1427.49,23.1,1135
9/29/2016,1419.96,22.92,1120
9/30/2016,1430.73,22.92,1123
10/3/2016,1414.57,23.58,1136
10/4/2016,1393.04,22.86,1115
10/5/2016,1370.42,22.26,1100
10/6/2016,1353.74,21.48,1085
10/7/2016,1359.66,20.94,1075
10/10/2016,1358.84,21.1,1077
10/11/2016,1353.2,21.22,1069
10/12/2016,1352.61,21.06,1060
10/13/2016,1355.89,21,1049
10/14/2016,1348.08,21,1037
10/17/2016,1349.96,20.9,1035
10/18/2016,1356.42,20.88,1034
10/19/2016,1368.27,21.08,1042
10/20/2016,1369.35,21.22,1044
10/21/2016,1365.04,21.17,1037
10/24/2016,1368.81,20.98,1029
10/25/2016,1365.47,21.36,1049
10/26/2016,1370.69,21.18,1060
10/27/2016,1368.54,21.26,1063
10/28/2016,1370.1,21.2,1072
10/31/2016,1372.03,21.3,1074
11/1/2016,1387.65,21.38,1077
11/2/2016,1397.89,21.98,1095
11/3/2016,1393.04,22.3,1093
11/4/2016,1405.96,21.79,1081
11/8/2016,1386.58,22.06,1105
11/9/2016,1380.65,22.06,1097
11/10/2016,1403.81,21.96,1105
11/11/2016,1376.67,22.56,1116
11/12/2016,1355.35,22.38,1086
11/15/2016,1311.2,22.3,1076
11/16/2016,1317.66,20.46,1038
11/17/2016,1320.88,20.35,1035
11/18/2016,1319.81,20.44,1039
11/19/2016,1306.89,20.4,1037
11/22/2016,1307.96,19.98,1025
11/23/2016,1309.05,19.98,1031
11/24/2016,1286.43,20.11,1042
11/25/2016,1286.43,19.72,1025
11/26/2016,1286.43,19.72,1025
11/29/2016,1280.83,19.72,1025
11/30/2016,1275.34,19.99,1013
12/1/2016,1272.43,19.74,1019
12/2/2016,1258.44,19.99,1022
12/3/2016,1264.9,19.68,1008
12/6/2016,1257.78,19.86,1020
12/7/2016,1262.2,19.93,1032
12/8/2016,1269.74,20.1,1043
12/9/2016,1263.49,20.5,1046
12/10/2016,1256.28,20.48,1042
12/13/2016,1251.43,20.41,1027
12/14/2016,1250.89,21.24,1025
12/15/2016,1365.04,20.5,1037
12/16/2016,1219.66,20.7,1044
12/17/2016,1331.66,19.37,1016
12/20/2016,1227.53,19.34,1006
12/21/2016,1217.51,19.26,1027
12/22/2016,1227.21,18.86,1010
12/23/2016,1217.51,19.42,1014
12/24/2016,1217.51,19,1008
12/27/2016,1217.51,19,1008
12/28/2016,1217.51,19,1008
12/29/2016,1227.21,18.9,1005
12/30/2016,1450.11,19.14,1001
12/31/2016,1247.67,19.26,1000
1/3/2017,1247.67,19.44,1003
1/4/2017,1254.13,19.44,1003
1/5/2017,1254.13,19.68,1050
1/6/2017,1264.9,19.68,1050
1/7/2017,1264.9,19.7,1061
1/10/2017,1275.44,19.7,1061
1/11/2017,1275.44,19.96,1075
1/12/2017,1279.97,19.96,1075
1/13/2017,1293.97,20.1,1079
1/14/2017,1286.43,20.22,1083
1/15/2017,1286.43,20.4,1073
1/17/2017,1310.12,20.4,1073
1/18/2017,1305.81,20.52,1090
1/19/2017,1305.81,20.6,1070
1/20/2017,1296.93,20.6,1070
1/21/2017,1296.93,20.44,1065
1/24/2017,1308.5,20.44,1065
1/25/2017,1308.5,20.6,1088
1/26/2017,1282.12,20.6,1088
1/27/2017,1277.82,20.24,1074
1/28/2017,1277.82,20.11,1067
1/31/2017,1299.35,20.11,1067
2/1/2017,1299.35,20.92,1093
2/2/2017,1316.58,20.92,1093
2/3/2017,1311.2,21.19,1106
2/4/2017,1311.2,20.94,1094
2/7/2017,1325.2,20.94,1094
2/8/2017,1337.04,21.18,1109
2/9/2017,1337.04,21.37,1118
2/10/2017,1335.97,21.37,1118
2/11/2017,1321.43,21.32,1121
2/14/2017,1320.88,21.24,1095
2/15/2017,1328.97,21.62,1106
2/16/2017,1316.58,21.42,1094
2/17/2017,1332.46,21.64,1115
2/18/2017,1337.58,21.62,1112
2/21/2017,1323.8,21.48,1090
2/22/2017,1331.66,21.54,1101
2/23/2017,1331.66,21.54,1101
2/24/2017,1331.66,21.54,1101
2/25/2017,1357.5,22.07,1129
2/28/2017,1353.2,22.04,1131
3/1/2017,1353.2,22.04,1131
3/2/2017,1333.27,21.94,1117
3/3/2017,1333.48,21.96,1103
3/4/2017,1323.05,21.3,1089
3/7/2017,1327.35,21.42,1087
3/8/2017,1314.96,21.1,1068
3/9/2017,1300.97,20.76,1054
3/10/2017,1300.43,20.75,1046
3/11/2017,1297.74,20.46,1044
3/14/2017,1297.74,20.4,1042
3/15/2017,1293.97,20.3,1040
3/16/2017,1293.97,20.3,1040
3/17/2017,1327.08,21,1066
3/18/2017,1325.2,20.81,1054
3/21/2017,1327.35,20.88,1068
3/22/2017,1333.05,21.02,1070
