DATE,nickel,copper,aluminium
3/16/2017,10270,5910,1710
3/15/2017,10180,5850,1690
3/14/2017,10085,5746,1690
3/13/2017,10140,5793,1690
3/10/2017,10020,5714,1690
3/9/2017,10050,5653,1690
3/8/2017,10515,5781,1695
3/7/2017,10915,5807,1700
3/6/2017,10890,5856,1700
3/3/2017,10880,5909,1675
3/2/2017,10895,5993,1660
3/1/2017,10980,6038,1630
2/28/2017,10865,5935,1630
2/27/2017,10890,5926,1630
2/24/2017,10675,5880,1640
2/23/2017,10630,5990,1640
2/22/2017,10705,5975,1620
2/21/2017,11015,6033,1625
2/20/2017,11040,6001,1650
2/17/2017,10875,5939,1645
2/16/2017,10870,6015,1645
2/15/2017,10705,6015,1640
2/14/2017,10820,6144,1635
2/13/2017,10670,6110,1635
2/10/2017,10430,5871,1635
2/9/2017,10375,5862,1595
2/8/2017,10435,5864,1595
2/7/2017,10380,5801,1590
2/6/2017,10330,5786,1585
2/3/2017,10150,5836,1585
2/2/2017,10355,5902,1585
2/1/2017,10020,5930,1585
1/31/2017,9880,5921,1585
1/30/2017,9490,5856,1585
1/27/2017,9375,5847,1600
1/26/2017,9560,5888,1600
1/25/2017,9630,5867,1595
1/24/2017,9760,5878,1600
1/23/2017,9765,5774,1600
1/20/2017,9730,5706,1590
1/19/2017,10030,5710,1580
1/18/2017,10155,5721,1575
1/17/2017,10170,5771,1575
1/16/2017,10230,5855,1550
1/13/2017,10110,5795,1585
1/12/2017,9950,5752,1585
1/11/2017,10440,5709,1585
1/10/2017,10430,5640,1560
1/9/2017,10240,5551,1540
1/6/2017,10180,5546,1535
1/5/2017,10225,5610,1535
1/4/2017,9970,5500,1535
1/3/2017,10200,5574,1540
12/30/2016,10005,5500,1540
12/29/2016,10030,5512,1540
12/28/2016,10130,5486,1540
12/23/2016,10565,5481,1540
12/22/2016,10580,5426,1540
12/21/2016,10880,5498,1540
12/20/2016,10970,5485,1540
12/19/2016,10845,5561,1520
12/16/2016,11120,5648,1560
12/15/2016,11240,5682,1560
12/14/2016,11360,5734,1560
12/13/2016,11400,5765,1560
12/12/2016,11270,5755,1560
12/9/2016,11320,5823,1560
12/8/2016,11365,5837,1515
12/7/2016,11540,5903,1505
12/6/2016,11510,5856,1555
12/5/2016,11675,5851,1555
12/2/2016,11120,5735,1555
12/1/2016,11200,5772,1555
11/30/2016,10960,5739,1555
11/29/2016,11295,5777,1560
11/28/2016,11675,5935,1560
11/25/2016,11460,5822,1565
11/24/2016,11565,5834,1565
11/23/2016,11220,5562,1560
11/22/2016,11370,5615,1545
11/21/2016,11150,5535,1525
11/18/2016,11075,5446,1525
11/17/2016,11235,5425,1525
11/16/2016,11200,5457,1525
11/15/2016,11150,5445,1530
11/14/2016,11130,5620,1510
11/11/2016,11730,5900,1585
11/10/2016,11700,5618,1560
11/9/2016,11445,5334,1550
11/8/2016,11135,5043,1555
11/7/2016,10925,5031,1535
11/4/2016,10375,4942,1555
11/3/2016,10420,4918,1555
11/2/2016,10350,4871,1560
11/1/2016,10440,4862,1530
10/31/2016,10540,4827,1565
10/28/2016,10335,4786,1565
10/27/2016,10260,4774,1545
10/26/2016,10140,4717,1525
10/25/2016,10250,4719,1525
10/24/2016,10015,4620,1535
10/21/2016,9985,4636,1535
10/20/2016,10160,4633,1535
10/19/2016,10270,4642,1545
10/18/2016,10330,4665,1565
10/17/2016,10395,4671,1525
10/14/2016,10430,4672,1565
10/13/2016,10410,4754,1565
10/12/2016,10525,4804,1565
10/11/2016,10410,4801,1565
10/10/2016,10300,4785,1565
10/7/2016,10250,4740,1565
10/6/2016,10115,4741,1565
10/5/2016,9965,4777,1565
10/4/2016,10150,4790,1565
10/3/2016,10185,4806,1565
9/30/2016,10455,4832,1565
9/29/2016,10525,4816,1560
9/28/2016,10610,4807,1560
9/27/2016,10755,4773,1560
9/26/2016,10440,4794,1555
9/23/2016,10620,4814,1555
9/22/2016,10540,4815,1545
9/21/2016,10310,4733,1545
9/20/2016,10190,4732,1545
9/19/2016,9915,4731,1545
9/16/2016,9645,4733,1555
9/15/2016,9740,4725,1555
9/14/2016,9760,4694,1555
9/13/2016,10010,4641,1555
9/12/2016,10020,4573,1555
9/9/2016,10335,4622,1560
9/8/2016,10305,4617,1560
9/7/2016,10130,4640,1560
9/6/2016,10050,4623,1560
9/5/2016,10045,4603,1570
9/2/2016,9875,4607,1570
9/1/2016,9745,4619,1570
8/31/2016,9720,4602,1575
8/30/2016,9715,4608,1575
8/26/2016,9770,4621,1575
8/25/2016,9790,4639,1575
8/24/2016,10215,4658,1575
8/23/2016,10230,4717,1575
8/22/2016,10115,4732,1575
8/19/2016,10245,4774,1580
8/18/2016,10320,4802,1555
8/17/2016,10150,4755,1550
8/16/2016,10320,4797,1550
8/15/2016,10400,4746,1550
8/12/2016,10435,4745,1545
8/11/2016,10680,4809,1545
8/10/2016,10895,4874,1545
8/9/2016,10720,4778,1545
8/8/2016,10780,4795,1545
8/5/2016,10575,4792,1545
8/4/2016,10435,4787,1545
8/3/2016,10640,4844,1540
8/2/2016,10790,4885,1565
8/1/2016,10700,4906,1530
7/29/2016,10440,4852,1540
7/28/2016,10530,4861,1575
7/27/2016,10350,4869,1525
7/26/2016,10310,4861,1530
7/25/2016,10435,4919,1545
7/22/2016,10650,4955,1500
7/21/2016,10660,4953,1500
7/20/2016,10440,4900,1500
7/19/2016,10550,4936,1500
7/18/2016,10300,4838,1500
7/15/2016,10355,4945,1540
7/14/2016,10360,4911,1540
7/13/2016,10285,4918,1525
7/12/2016,10305,4811,1525
7/11/2016,10085,4746,1525
7/8/2016,9730,4709,1525
7/7/2016,9805,4724,1525
7/6/2016,9670,4705,1525
7/5/2016,10080,4840,1525
7/4/2016,10295,4919,1525
7/1/2016,9530,4783,1525
6/30/2016,9410,4826,1525
6/29/2016,9270,4780,1525
6/28/2016,9130,4777,1525
6/27/2016,8950,4691,1525
6/24/2016,8890,4662,1525
6/23/2016,9175,4747,1520
6/22/2016,9225,4687,1520
6/21/2016,9175,4587,1520
6/20/2016,9190,4584,1520
6/17/2016,9040,4521,1525
6/16/2016,8780,4524,1525
6/15/2016,9060,4632,1530
6/14/2016,8800,4510,1500
6/13/2016,8820,4514,1490
6/10/2016,8945,4504,1525
6/9/2016,8940,4546,1525
6/8/2016,8820,4590,1525
6/7/2016,8555,4588,1525
6/6/2016,8620,4705,1535
6/3/2016,8500,4687,1530
6/2/2016,8360,4599,1530
6/1/2016,8320,4600,1530
5/31/2016,8455,4698,1535
5/27/2016,8370,4725,1530
5/26/2016,8370,4705,1530
5/25/2016,8335,4636,1530
5/24/2016,8335,4636,1530
5/23/2016,8305,4571,1525
5/20/2016,8520,4630,1525
5/19/2016,8485,4596,1525
5/18/2016,8580,4600,1525
5/17/2016,8620,4634,1525
5/16/2016,8635,4640,1520
5/13/2016,8580,4660,1540
5/12/2016,8770,4743,1520
5/11/2016,8775,4747,1510
5/10/2016,8630,4710,1510
5/9/2016,8720,4739,1540
5/6/2016,8950,4810,1540
5/5/2016,9280,4825,1540
5/4/2016,9385,4890,1535
5/3/2016,9550,4955,1535
4/29/2016,9455,5045,1540
4/28/2016,9145,4912,1540
4/27/2016,9190,4931,1540
4/26/2016,9055,4935,1540
4/25/2016,9070,5000,1540
4/22/2016,9125,5015,1540
4/21/2016,9425,5025,1550
4/20/2016,9210,4938,1550
4/19/2016,9060,4811,1520
4/18/2016,8945,4797,1530
4/15/2016,8880,4813,1545
4/14/2016,8875,4830,1545
4/13/2016,8915,4835,1545
4/12/2016,8650,4715,1555
4/11/2016,8550,4642,1545
4/8/2016,8400,4653,1545
4/7/2016,8455,4710,1545
4/6/2016,8465,4775,1545
4/5/2016,8270,4776,1560
4/4/2016,8270,4816,1580
4/1/2016,8370,4878,1545
3/31/2016,8275,4855,1565
3/30/2016,8400,4935,1565
3/29/2016,8570,4939,1565
3/24/2016,8575,4931,1575
3/23/2016,8620,5060,1575
3/22/2016,8645,5070,1560
3/21/2016,8610,5079,1555
3/18/2016,8850,5102,1555
3/17/2016,8640,5028,1555
3/16/2016,8455,4945,1555
3/15/2016,8530,4915,1555
3/14/2016,8700,4994,1545
3/11/2016,8765,4940,1570
3/10/2016,8730,4920,1555
3/9/2016,8780,4935,1565
3/8/2016,9035,4980,1575
3/7/2016,9370,5000,1575
3/3/2016,8780,4830,1525
3/2/2016,8750,4779,1510
3/1/2016,8530,4726,1505
2/29/2016,8415,4705,1565
2/26/2016,8405,4681,1555
2/24/2016,8515,4585,1560
2/23/2016,8670,4663,1560
2/22/2016,8690,4694,1560
2/19/2016,8335,4589,1560
2/18/2016,8300,4575,1560
2/17/2016,8235,4560,1560
2/16/2016,8265,4583,1560
2/15/2016,8100,4562,1560
2/11/2016,7700,4472,1575
2/10/2016,8035,4505,1560
2/9/2016,8095,4530,1565
2/8/2016,8050,4572,1520
2/5/2016,8480,4669,1550
2/4/2016,8540,4685,1520
2/3/2016,8430,4578,1530
2/2/2016,8455,4605,1550
2/1/2016,8445,4533,1530
1/28/2016,8560,4553,1570
1/27/2016,8650,4507,1540
1/26/2016,8540,4500,1505
1/25/2016,8550,4453,1529
1/22/2016,8720,4467,1540
1/21/2016,8500,4376,1540
1/20/2016,8560,4346,1550
1/19/2016,8675,4440,1550
1/18/2016,8495,4360,1550
1/15/2016,8375,4310,1560
1/14/2016,8345,4365,1560
1/13/2016,8250,4375,1585
1/12/2016,8175,4355,1590
1/11/2016,8300,4402,1590
1/8/2016,8400,4486,1590
1/7/2016,8310,4514,1580
1/6/2016,8470,4600,1560
1/5/2016,8610,4646,1605
1/4/2016,8510,4645,1595
12/31/2015,8660,4702,1600
12/30/2015,8600,4714,1600
12/29/2015,8550,4684,1595
12/24/2015,8580,4665,1600
12/23/2015,8640,4680,1595
12/22/2015,8695,4672,1595
12/21/2015,8700,4690,1595
12/17/2015,8600,4550,1580
12/16/2015,8670,4582,1565
12/15/2015,8640,4586,1560
12/14/2015,8560,4640,1585
12/11/2015,8650,4665,1590
12/10/2015,8525,4571,1550
12/9/2015,8720,4619,1560
12/8/2015,8575,4567,1560
12/7/2015,8930,4592,1605
12/4/2015,9020,4636,1600
12/3/2015,8750,4525,1600
12/2/2015,8840,4588,1605
12/1/2015,8835,4618,1605
11/30/2015,8730,4595,1600
11/27/2015,8760,4636,1600
11/26/2015,9110,4667,1565
11/25/2015,8640,4541,1535
11/24/2015,8420,4525,1575
11/23/2015,8150,4515,1550
11/20/2015,8895,4685,1570
11/19/2015,8880,4608,1600
11/18/2015,8950,4668,1580
11/17/2015,9160,4698,1600
11/16/2015,9400,4765,1580
11/13/2015,9355,4824,1575
11/12/2015,9365,4872,1550
11/11/2015,9430,4930,1550
11/10/2015,9490,4933,1550
11/9/2015,9590,4990,1550
11/6/2015,9720,4995,1570
11/5/2015,9685,5053,1600
11/4/2015,9960,5165,1605
11/3/2015,9990,5149,1580
11/2/2015,10045,5137,1605
10/30/2015,10130,5135,1605
10/29/2015,10470,5160,1635
10/28/2015,10375,5177,1630
10/27/2015,10480,5219,1655
10/26/2015,10460,5233,1655
10/23/2015,10590,5290,1650
10/22/2015,10400,5273,1640
10/21/2015,10315,5185,1645
10/20/2015,10275,5188,1650
10/19/2015,10410,5240,1655
10/16/2015,10455,5265,1680
10/15/2015,10570,5342,1680
10/14/2015,10370,5277,1680
10/13/2015,10395,5260,1680
10/12/2015,10630,5330,1680
10/9/2015,10705,5318,1685
10/8/2015,10065,5155,1670
10/7/2015,10215,5240,1675
10/6/2015,9900,5175,1670
10/5/2015,9930,5144,1690
10/2/2015,9925,5081,1700
10/1/2015,10385,5177,1710
9/30/2015,10065,5093,1675
9/29/2015,9870,5010,1675
9/28/2015,9835,4960,1680
9/25/2015,9815,5098,1675
9/24/2015,9710,5044,1675
9/23/2015,9805,5111,1680
9/22/2015,9675,5130,1685
9/21/2015,9700,5266,1730
9/18/2015,9750,5357,1695
9/17/2015,9885,5368,1695
9/16/2015,10105,5349,1700
9/15/2015,9845,5288,1700
9/14/2015,9900,5324,1685
9/11/2015,10180,5352,1695
9/10/2015,10320,5399,1690
9/9/2015,10060,5366,1705
9/8/2015,9845,5277,1670
9/7/2015,9800,5175,1665
9/4/2015,9780,5155,1680
9/3/2015,10020,5245,1680
9/2/2015,9740,5090,1620
9/1/2015,9930,5090,1635
8/28/2015,9830,5094,1675
8/27/2015,9725,5028,1600
8/26/2015,9470,4958,1675
8/25/2015,9665,5031,1670
8/24/2015,9300,4886,1695
8/21/2015,10105,5046,1650
8/20/2015,10385,5060,1660
8/19/2015,10325,5006,1665
8/18/2015,10300,5000,1670
8/17/2015,10550,5101,1670
8/14/2015,10495,5155,1685
8/13/2015,10515,5148,1690
8/12/2015,10455,5103,1705
8/11/2015,10690,5140,1765
8/10/2015,10930,5149,1675
8/7/2015,10775,5135,1670
8/6/2015,10810,5164,1675
8/5/2015,10780,5171,1685
8/4/2015,10830,5215,1665
8/3/2015,10770,5176,1645
7/31/2015,10900,5218,1690
7/30/2015,10915,5241,1705
7/29/2015,11105,5301,1715
7/28/2015,11175,5239,1705
7/27/2015,10920,5189,1710
7/24/2015,11170,5224,1690
7/23/2015,11230,5335,1705
7/22/2015,11525,5350,1705
7/21/2015,11750,5475,1675
7/20/2015,11460,5424,1700
7/17/2015,11415,5463,1710
7/16/2015,11415,5530,1710
7/15/2015,11730,5596,1720
7/14/2015,11380,5502,1720
7/13/2015,11450,5605,1715
7/10/2015,11265,5561,1750
7/9/2015,11285,5571,1740
7/8/2015,10875,5370,1735
7/7/2015,11135,5440,1760
7/6/2015,11535,5568,1760
7/3/2015,12045,5761,1760
7/2/2015,12050,5761,1760
7/1/2015,11900,5755,1760
6/30/2015,11675,5720,1775
6/29/2015,11710,5766,1770
6/26/2015,12490,5730,1770
6/25/2015,12580,5715,1770
6/24/2015,12775,5765,1795
6/23/2015,12660,5723,1780
6/22/2015,12585,5646,1770
6/19/2015,12590,5662,1760
6/18/2015,12855,5760,1770
6/17/2015,12840,5748,1770
6/16/2015,12770,5751,1730
6/15/2015,12730,5760,1730
6/12/2015,13060,5888,1770
6/11/2015,13460,5905,1750
6/10/2015,13570,6045,1765
6/9/2015,13525,5989,1765
6/8/2015,13090,5914,1760
6/5/2015,12860,5924,1730
6/4/2015,12835,5954,1750
6/3/2015,12920,5992,1780
6/2/2015,12905,5998,1670
6/1/2015,12530,5970,1700
5/29/2015,12670,6088,1715
5/28/2015,12835,6116,1715
5/27/2015,12600,6085,1725
5/26/2015,12640,6134,1730
5/22/2015,12700,6197,1715
5/21/2015,13010,6239,1750
5/20/2015,12820,6207,1725
5/19/2015,13380,6270,1740
5/18/2015,13675,6383,1850
5/15/2015,13650,6356,1730
5/14/2015,13825,6398,1770
5/13/2015,14035,6415,1800
5/12/2015,14110,6445,1805
5/11/2015,14280,6363,1820
5/8/2015,14090,6396,1815
5/7/2015,13910,6436,1830
5/6/2015,14410,6400,1820
5/5/2015,14125,6405,1800
5/1/2015,13755,6362,1800
4/30/2015,13855,6245,1805
4/29/2015,13280,6102,1800
4/28/2015,13225,6090,1785
4/27/2015,13505,6060,1790
4/24/2015,12850,6025,1800
4/23/2015,12540,5935,1800
4/22/2015,12620,5927,1800
4/21/2015,12765,5973,1800
4/20/2015,12365,6000,1770
4/17/2015,12725,6081,1800
4/16/2015,12885,6053,1820
4/15/2015,12510,5920,1790
4/14/2015,12255,5916,1800
4/13/2015,12510,6011,1770
4/10/2015,12580,6054,1765
4/9/2015,12540,6050,1770
4/8/2015,12720,6050,1780
4/7/2015,12560,6040,1775
4/2/2015,12925,6001,1779
4/1/2015,12320,6019,1760
3/31/2015,12455,6050,1750
3/30/2015,13040,6110,1750
3/27/2015,13255,6145,1710
3/26/2015,13610,6229,1720
3/25/2015,13675,6134,1720
3/24/2015,14020,6126,1715
3/23/2015,14190,6093,1700
3/20/2015,13950,5919,1705
3/19/2015,13625,5835,1740
3/18/2015,13570,5692,1725
3/17/2015,13555,5765,1730
3/16/2015,13800,5853,1710
3/13/2015,13845,5858,1765
3/12/2015,13820,5865,1785
3/11/2015,13970,5786,1790
3/10/2015,14070,5783,1795
3/9/2015,14395,5800,1795
3/6/2015,14075,5826,1795
3/5/2015,14050,5856,1790
3/4/2015,13825,5881,1790
3/3/2015,13580,5854,1790
3/2/2015,13875,5895,1795
2/27/2015,14040,5880,1790
2/26/2015,14395,5935,1795
2/25/2015,14305,5805,1785
2/24/2015,14245,5710,1785
2/23/2015,13910,5657,1805
2/20/2015,13940,5706,1805
2/19/2015,13920,5719,1810
2/18/2015,14100,5689,1785
2/17/2015,14210,5665,1740
2/16/2015,14425,5711,1740
2/13/2015,14735,5730,1740
2/12/2015,14600,5695,1775
2/11/2015,14700,5645,1805
2/10/2015,14855,5590,1820
2/9/2015,15045,5665,1825
2/6/2015,14960,5691,1815
2/5/2015,14830,5595,1825
2/4/2015,14925,5707,1825
2/3/2015,15370,5690,1830
2/2/2015,15045,5535,1830
1/30/2015,14780,5500,1870
1/29/2015,14700,5390,1830
1/28/2015,14925,5485,1830
1/27/2015,14670,5555,1830
1/26/2015,14370,5489,1835
1/23/2015,14400,5581,1845
1/22/2015,14715,5741,1860
1/21/2015,14760,5630,1855
1/20/2015,14535,5760,1820
1/19/2015,14375,5670,1810
1/16/2015,14355,5655,1810
1/15/2015,14550,5718,1810
1/14/2015,14240,5625,1820
1/13/2015,14775,5914,1825
1/12/2015,14950,6130,1825
1/9/2015,15430,6151,1780
1/8/2015,15310,6230,1780
1/7/2015,15450,6168,1780
1/6/2015,15275,6190,1795
1/5/2015,14580,6215,1800
1/2/2015,14875,6305,1785
12/31/2014,14930,6358,1795
12/30/2014,14850,6325,1850
12/29/2014,15100,6330,1850
12/24/2014,15250,6360,1850
12/23/2014,15370,6362,1910
12/22/2014,15625,6426,1945
12/19/2014,15300,6445,1955
12/18/2014,15500,6350,1965
12/17/2014,15425,6305,1970
12/16/2014,16125,6385,1990
12/15/2014,16655,6555,1980
12/12/2014,16330,6526,2010
12/11/2014,16145,6471,2005
12/10/2014,16420,6476,2015
12/9/2014,16250,6400,2020
12/8/2014,16550,6465,2050
12/5/2014,16820,6535,1970
12/4/2014,16775,6490,1975
12/3/2014,16320,6451,1980
12/2/2014,16170,6455,1980
12/1/2014,16200,6384,2000
11/28/2014,16080,6515,2000
11/27/2014,16300,6621,2000
11/26/2014,16225,6648,2030
11/25/2014,16450,6695,2025
11/24/2014,16530,6731,2015
11/21/2014,16445,6790,2015
11/20/2014,16170,6686,2000
11/19/2014,15845,6714,2000
11/18/2014,15645,6684,2030
11/17/2014,15595,6751,2010
11/14/2014,15315,6690,2015
11/13/2014,15510,6755,2025
11/12/2014,15525,6752,2035
11/11/2014,15085,6688,2020
11/10/2014,15065,6735,2030
11/7/2014,15260,6720,2010
11/6/2014,15250,6681,2020
11/5/2014,14975,6646,2010
11/4/2014,15150,6705,2080
11/3/2014,15550,6800,2085
10/31/2014,15810,6835,2075
10/30/2014,15300,6785,2085
10/29/2014,15575,6854,2075
10/28/2014,15050,6859,2065
10/27/2014,14620,6800,2080
10/24/2014,15000,6759,2080
10/23/2014,14925,6718,2080
10/22/2014,15210,6730,2085
10/21/2014,15200,6658,2085
10/20/2014,15310,6615,2080
10/17/2014,15500,6629,2085
10/16/2014,15310,6629,2075
10/15/2014,16130,6781,2075
10/14/2014,16175,6780,2070
10/13/2014,16385,6800,2075
10/10/2014,16305,6696,2080
10/9/2014,16625,6767,2105
10/8/2014,16695,6755,2065
10/7/2014,16725,6715,2085
10/6/2014,16480,6712,2075
10/3/2014,16265,6660,2050
10/2/2014,16040,6693,2070
10/1/2014,15850,6755,2080
9/30/2014,16500,6735,2080
9/29/2014,16505,6735,2065
9/26/2014,17270,6770,2075
9/25/2014,17205,6765,2045
9/24/2014,17180,6750,2075
9/23/2014,17130,6797,2080
9/22/2014,17070,6781,2080
9/19/2014,17750,6868,2080
9/18/2014,17875,6918,2075
9/17/2014,17915,6958,2080
9/16/2014,17895,6895,2080
9/15/2014,18250,6849,2110
9/12/2014,18340,6856,2100
9/11/2014,18455,6829,2115
9/10/2014,18545,6897,2120
9/9/2014,19355,6937,2125
9/8/2014,19730,7040,2130
9/5/2014,19380,6972,2125
9/4/2014,19225,6967,2140
9/3/2014,18810,6925,2110
9/2/2014,18550,6965,2105
9/1/2014,18655,6966,2095
8/29/2014,18450,6994,2055
8/28/2014,18640,7032,2075
8/27/2014,18630,7050,2085
8/26/2014,18800,7095,2035
8/22/2014,18620,7088,2050
8/21/2014,18725,7003,2045
8/20/2014,18770,6921,2015
8/19/2014,18545,6934,2015
8/18/2014,18415,6910,1990
8/15/2014,18500,6852,1990
8/14/2014,18530,6886,1985
8/13/2014,18570,6925,1995
8/12/2014,18845,7025,1980
8/11/2014,18490,7010,1980
8/8/2014,18610,7019,1980
8/7/2014,18850,6980,1960
8/6/2014,18270,6994,1960
8/5/2014,18485,7100,1950
8/4/2014,18360,7102,1955
8/1/2014,18275,7078,1950
7/31/2014,18760,7135,1965
7/30/2014,18675,7089,1975
7/29/2014,18520,7116,1980
7/28/2014,18775,7130,1985
7/25/2014,19150,7183,2000
7/24/2014,19075,7150,1970
7/23/2014,18955,7060,1970
7/22/2014,18920,7060,1945
7/21/2014,18720,6989,1970
7/18/2014,18500,7026,1960
7/17/2014,19075,7030,1955
7/16/2014,19190,7111,1960
7/15/2014,19255,7102,1970
7/14/2014,19205,7154,1970
7/11/2014,19060,7150,1970
7/10/2014,18965,7109,1950
7/9/2014,19510,7173,1985
7/8/2014,19435,7155,1985
7/7/2014,19175,7120,1980
7/4/2014,19380,7158,1990
7/3/2014,19785,7121,1990
7/2/2014,19060,7048,1985
7/1/2014,18845,7015,1985
6/30/2014,18705,6954,1985
6/27/2014,18760,6975,2005
6/26/2014,18600,6936,1985
6/25/2014,18275,6890,1990
6/24/2014,18140,6898,1990
6/23/2014,18415,6900,1970
6/20/2014,18325,6777,1970
6/19/2014,18455,6730,1990
6/18/2014,18655,6739,1990
6/17/2014,18925,6711,1940
6/16/2014,18310,6735,1945
6/13/2014,17925,6671,1970
6/12/2014,18025,6725,1970
6/11/2014,18300,6689,1955
6/10/2014,18450,6695,1975
6/9/2014,18750,6667,1969
6/6/2014,18460,6660,1960
6/5/2014,19000,6800,1980
6/4/2014,18945,6835,1910
6/3/2014,19000,6929,1950
6/2/2014,19400,7003,1905
5/30/2014,19300,6995,1970
5/29/2014,18740,6968,1970
5/28/2014,19510,7030,1980
5/27/2014,19625,7015,1930
5/23/2014,19615,6990,1980
5/22/2014,19665,6945,1915
5/21/2014,19400,6841,1900
5/20/2014,19675,6922,1890
5/19/2014,19780,7008,1900
5/16/2014,19150,6949,1880
5/15/2014,18745,6976,1890
5/14/2014,20645,6884,1890
5/13/2014,21150,6926,1885
5/12/2014,20845,6768,1890
5/9/2014,20095,6690,1890
5/8/2014,19380,6688,1899
5/7/2014,18570,6739,1855
5/6/2014,18450,6698,1860
5/2/2014,18180,6670,1850
5/1/2014,18060,6723,1880
4/30/2014,18175,6768,1905
4/29/2014,18225,6782,1895
4/28/2014,18545,6785,1895
4/25/2014,18460,6730,1880
4/24/2014,18420,6640,1901
4/23/2014,18115,6628,1900
4/22/2014,18220,6631,1880
4/17/2014,17980,6599,1875
4/16/2014,17875,6625,1855
4/15/2014,17270,6645,1860
4/14/2014,17730,6685,1920
4/11/2014,17390,6637,1865
4/10/2014,17025,6630,1890
4/9/2014,16495,6651,1885
4/8/2014,16400,6610,1900
4/7/2014,16460,6677,1900
4/4/2014,16510,6606,1880
4/3/2014,16140,6712,1895
4/2/2014,16120,6632,1895
4/1/2014,15775,6636,1870
3/31/2014,15730,6666,1890
3/28/2014,15765,6555,1900
3/27/2014,15665,6559,1900
3/26/2014,15950,6510,1885
3/25/2014,16215,6539,1860
3/24/2014,16130,6434,1860
3/21/2014,15985,6446,1845
3/20/2014,15905,6471,1830
3/19/2014,16110,6550,1830
3/18/2014,16070,6490,1830
3/17/2014,15860,6495,1835
3/14/2014,15800,6497,1825
3/13/2014,15720,6720,1825
3/12/2014,15665,6716,1825
3/11/2014,15630,6930,1840
3/10/2014,15130,7054,1845
3/7/2014,15325,7102,1855
3/6/2014,15450,7035,1815
3/5/2014,15300,7032,1835
3/4/2014,14825,7097,1770
3/3/2014,14500,7095,1795
2/28/2014,14540,7149,1801
2/27/2014,14180,7114,1795
2/26/2014,14280,7130,1800
2/25/2014,14225,7185,1795
2/24/2014,14155,7215,1800
2/21/2014,14405,7205,1810
2/20/2014,14260,7205,1780
2/19/2014,14470,7175,1780
2/18/2014,14400,7155,1815
2/17/2014,14335,7174,1780
2/14/2014,14225,7120,1780
2/13/2014,14230,7190,1770
2/12/2014,14265,7200,1775
2/11/2014,14115,7109,1770
2/10/2014,14260,7096,1760
2/7/2014,14100,7105,1750
2/6/2014,13815,7095,1745
2/5/2014,13835,7090,1745
2/4/2014,13855,7154,1750
2/3/2014,13825,7208,1755
1/31/2014,13695,7215,1780
1/30/2014,13850,7230,1785
1/29/2014,14090,7240,1790
1/28/2014,14075,7285,1805
1/27/2014,14255,7326,1795
1/24/2014,14550,7332,1819
1/23/2014,14630,7335,1785
1/22/2014,14640,7379,1825
1/21/2014,14560,7345,1785
1/20/2014,14430,7308,1830
1/17/2014,14590,7342,1780
1/16/2014,14485,7305,1770
1/15/2014,14240,7283,1758
1/14/2014,14280,7281,1765
1/13/2014,13975,7367,1760
1/10/2014,13675,7353,1765
1/9/2014,13360,7313,1783
1/8/2014,13440,7335,1805
1/7/2014,13475,7439,1800
1/6/2014,13560,7394,1765
1/3/2014,13860,7387,1775
1/2/2014,13900,7374,1780
12/31/2013,13965,7278,1815
12/30/2013,14010,7250,1800
12/27/2013,14150,7264,1805
12/24/2013,14045,7218,1790
12/23/2013,14300,7228,1780
12/20/2013,14210,7286,1814
12/19/2013,14065,7325,1780
12/18/2013,14030,7218,1795
12/17/2013,13910,7230,1790
12/16/2013,14055,7169,1795
12/13/2013,13900,7165,1795
12/12/2013,14000,7140,1795
12/11/2013,13920,7111,1800
12/10/2013,14000,7081,1790
12/9/2013,13830,6975,1790
12/6/2013,13735,6945,1770
12/5/2013,13780,7008,1755
12/4/2013,13520,7026,1760
12/3/2013,13345,6987,1760
12/2/2013,13385,7051,1740
11/29/2013,13410,7067,1750
11/28/2013,13260,7065,1760
11/27/2013,13400,6991,1735
11/26/2013,13460,6980,1745
11/25/2013,13470,6946,1745
11/22/2013,13430,6999,1760
11/21/2013,13420,6967,1755
11/20/2013,13505,6939,1750
11/19/2013,13575,7021,1750
11/18/2013,13680,7124,1750
11/15/2013,13685,7133,1740
11/14/2013,13575,7125,1741
11/13/2013,13600,7119,1770
11/12/2013,13650,7199,1790
11/11/2013,13805,7138,1770
11/8/2013,13860,7180,1751
11/7/2013,13945,7255,1770
11/6/2013,14285,7233,1780
11/5/2013,14300,7275,1775
11/4/2013,14255,7215,1780
11/1/2013,14575,7160,1790
10/31/2013,14510,7126,1805
10/30/2013,14550,7160,1810
10/29/2013,14515,7200,1825
10/28/2013,14455,7258,1810
10/25/2013,14380,7225,1780
10/24/2013,14400,7241,1750
10/23/2013,14575,7172,1785
10/22/2013,14630,7158,1795
10/21/2013,14290,7186,1795
10/18/2013,14165,7205,1780
10/17/2013,13960,7123,1785
10/16/2013,13835,7112,1770
10/15/2013,13890,7140,1800
10/14/2013,13900,7231,1800
10/11/2013,13725,7171,1790
10/10/2013,13715,7147,1795
10/9/2013,13755,7215,1795
10/8/2013,13830,7156,1795
10/7/2013,13835,7219,1775
10/4/2013,13550,7290,1785
10/3/2013,13625,7252,1790
10/2/2013,13625,7220,1795
10/1/2013,13735,7155,1770
9/30/2013,13850,7140,1780
9/27/2013,13880,7181,1760
9/26/2013,13775,7295,1770
9/25/2013,13700,7301,1755
9/24/2013,13675,7090,1765
9/23/2013,13825,7056,1785
9/20/2013,14080,7050,1790
9/19/2013,14135,7028,1800
9/18/2013,13775,7043,1765
9/17/2013,13770,7162,1770
9/16/2013,13815,7171,1770
9/13/2013,13600,7191,1780
9/12/2013,13615,7170,1785
9/11/2013,13670,7101,1765
9/10/2013,13770,7125,1775
9/9/2013,13815,7183,1765
9/6/2013,13895,7175,1794
9/5/2013,13650,7094,1755
9/4/2013,13535,7210,1750
9/3/2013,13630,7236,1745
9/2/2013,13770,7300,1755
8/30/2013,13750,7300,1770
8/29/2013,14065,7340,1740
8/28/2013,14225,7236,1765
8/27/2013,14320,7265,1760
8/23/2013,14340,7285,1730
8/22/2013,14430,7335,1760
8/21/2013,14445,7225,1760
8/20/2013,14560,7272,1770
8/19/2013,14650,7281,1770
8/16/2013,14680,7245,1775
8/15/2013,14655,7185,1775
8/14/2013,14700,7121,1775
8/13/2013,14730,6891,1775
8/12/2013,14770,7026,1775
8/9/2013,14425,6950,1775
8/8/2013,14155,7018,1765
8/7/2013,13580,6998,1750
8/6/2013,13885,6800,1745
8/5/2013,13830,6751,1750
8/2/2013,13815,6860,1765
8/1/2013,13750,6905,1770
7/31/2013,13565,6927,1755
7/30/2013,13430,7076,1774
7/29/2013,13635,6960,1745
7/26/2013,13825,6978,1760
7/25/2013,14045,6920,1765
7/24/2013,14115,6855,1800
7/23/2013,13970,6923,1750
7/22/2013,14050,6936,1760
7/19/2013,13975,6891,1780
7/18/2013,13880,6923,1745
7/17/2013,13805,6995,1745
7/16/2013,13530,6780,1750
7/15/2013,13375,6719,1765
7/12/2013,13560,6765,1770
7/11/2013,13650,6820,1785
7/10/2013,13460,6920,1785
7/9/2013,13155,6921,1765
7/8/2013,13320,6980,1770
7/5/2013,13525,6915,1780
7/4/2013,13680,6750,1800
7/3/2013,13800,6705,1800
7/2/2013,13910,6685,1805
7/1/2013,13825,6726,1780
6/28/2013,13675,6637,1775
6/27/2013,13610,6775,1770
6/26/2013,13555,6808,1765
6/25/2013,13860,6972,1765
6/24/2013,13625,6970,1741
6/21/2013,13775,7020,1750
6/20/2013,13740,7044,1760
6/19/2013,14005,7057,1745
6/18/2013,14000,7086,1770
6/17/2013,14080,7035,1820
6/14/2013,14225,7120,1840
6/13/2013,14025,7281,1840
6/12/2013,14380,7311,1820
6/11/2013,14490,7421,1820
6/10/2013,14850,7337,1850
6/7/2013,15045,7330,1850
6/6/2013,14915,7240,1825
6/5/2013,15250,7245,1820
6/4/2013,15135,7201,1790
6/3/2013,15025,7257,1809
5/31/2013,14630,7239,1795
5/30/2013,14625,7285,1780
5/29/2013,14775,7475,1780
5/28/2013,14825,7383,1780
5/24/2013,14750,7275,1780
5/23/2013,14750,7329,1770
5/22/2013,15160,7095,1770
5/21/2013,15030,7095,1775
5/20/2013,14845,7195,1780
5/17/2013,14850,7350,1760
5/16/2013,14765,7390,1755
5/15/2013,14825,7310,1745
5/14/2013,15100,7325,1740
5/13/2013,15230,7240,1741
5/10/2013,15320,7121,1770
5/9/2013,15330,6870,1770
5/8/2013,15435,6870,1770
5/7/2013,14960,7073,1750
5/3/2013,14905,7078,1730
5/2/2013,14765,7054,1720
5/1/2013,14970,7033,1760
4/30/2013,15195,6935,1780
4/29/2013,15280,6810,1790
4/26/2013,15275,6875,1810
4/25/2013,15130,6975,1775
4/24/2013,15200,6962,1790
4/23/2013,15080,7065,1798
4/22/2013,15175,7219,1785
4/19/2013,15225,7120,1780
4/18/2013,15385,7508,1785
4/17/2013,15325,7510,1760
4/16/2013,15725,7547,1785
4/15/2013,15450,7485,1745
4/12/2013,15930,7457,1775
4/11/2013,15950,7376,1795
4/10/2013,16140,7336,1785
4/9/2013,16065,7405,1770
4/8/2013,16130,7434,1790
4/5/2013,15925,7582,1780
4/4/2013,16035,7570,1750
4/3/2013,16185,7630,1770
4/2/2013,16385,7602,1789
3/28/2013,16535,7616,1803
3/27/2013,16665,7575,1800
3/26/2013,16945,7574,1810
3/25/2013,16925,7537,1795
3/22/2013,16820,7555,1810
3/21/2013,16845,7781,1820
3/20/2013,16720,7762,1820
3/19/2013,16605,7777,1820
3/18/2013,16550,7813,1840
3/15/2013,17100,7675,1870
3/14/2013,16980,7730,1840
3/13/2013,17060,7671,1860
3/12/2013,16965,7699,1860
3/11/2013,16645,7715,1850
3/8/2013,16555,7750,1875
3/7/2013,16510,7620,1830
3/6/2013,16570,7825,1830
3/5/2013,16500,7831,1840
3/4/2013,16535,7784,1850
3/1/2013,16420,7865,1815
2/28/2013,16655,7820,1840
2/27/2013,16705,7847,1870
2/26/2013,16500,8009,1860
2/25/2013,16705,8069,1890
2/22/2013,16735,8075,1880
2/21/2013,16750,8197,1910
2/20/2013,17190,8221,1930
2/19/2013,17580,8184,1880
2/18/2013,17930,8216,1970
2/15/2013,18230,8215,1890
2/14/2013,18285,8212,1870
2/13/2013,18275,8199,1850
2/12/2013,18280,8242,1825
2/11/2013,18225,8226,1820
2/8/2013,18215,8160,1840
2/7/2013,18215,8168,1830
2/6/2013,18480,8175,1810
2/5/2013,18560,8010,1860
2/4/2013,18580,8015,1835
2/1/2013,18375,8060,1815
1/31/2013,18370,8036,1850
1/30/2013,18200,8115,1815
1/29/2013,17600,8067,1800
1/28/2013,17405,8020,1805
1/25/2013,17260,8050,1830
1/24/2013,17275,7925,1805
1/23/2013,17475,7910,1810
1/22/2013,17370,7944,1790
1/21/2013,17360,8030,1790
1/18/2013,17610,8071,1839
1/17/2013,17380,8116,1791
1/16/2013,17280,8058,1790
1/15/2013,17180,8050,1790
1/14/2013,17355,7995,1860
1/11/2013,17320,8025,1845
1/10/2013,17530,8140,1884
1/9/2013,17435,8085,1850
1/8/2013,17140,7915,1855
1/7/2013,17210,7865,1865
1/4/2013,17300,7871,1895
1/3/2013,17535,7778,1910
1/2/2013,17420,7768,1920
12/31/2012,17080,7825,1850
12/28/2012,17095,7946,1905
12/27/2012,17225,8005,1900
12/24/2012,17010,8000,1940
12/21/2012,17380,8047,1915
12/20/2012,17520,8000,1905
12/19/2012,17580,8101,1934
12/18/2012,17645,8068,1950
12/17/2012,17550,8111,1910
12/14/2012,17700,7965,1900
12/13/2012,17425,8020,1940
12/12/2012,17755,8021,1960
12/11/2012,17600,7991,1974
12/10/2012,17325,7975,1965
12/7/2012,17020,7949,1964
12/6/2012,17375,7850,1980
12/5/2012,17440,7719,1975
12/4/2012,17310,7796,1980
12/3/2012,17590,7770,1960
11/30/2012,17075,7676,2015
11/29/2012,17200,7716,1939
11/28/2012,16875,7704,1895
11/27/2012,16665,7730,1900
11/26/2012,16670,7670,1880
11/23/2012,16525,7573,1860
11/22/2012,16680,7605,1880
11/21/2012,16505,7635,1880
11/20/2012,16330,7606,1875
11/19/2012,16055,7626,1860
11/16/2012,15875,7540,1879
11/15/2012,16010,7605,1850
11/14/2012,15980,7654,1869
11/13/2012,15905,7661,1815
11/12/2012,15925,7604,1835
11/9/2012,15885,7765,1800
11/8/2012,15955,7811,1814
11/7/2012,15995,7818,1810
11/6/2012,15970,7760,1810
11/5/2012,15845,7719,1819
11/2/2012,16125,7765,1870
11/1/2012,16305,7852,1815
10/31/2012,16230,7860,1780
10/30/2012,15995,7860,1781
10/29/2012,15865,7983,1810
10/26/2012,16095,8120,1801
10/25/2012,16400,8209,1780
10/24/2012,16290,8141,1780
10/23/2012,16180,8129,1815
10/22/2012,16725,8178,1810
10/19/2012,17000,8210,1790
10/18/2012,17130,8124,1820
10/16/2012,17025,8133,1810
10/15/2012,17200,8297,1840
10/12/2012,17230,8324,1850
10/11/2012,17640,8276,1885
10/10/2012,17730,8338,1891
10/8/2012,17925,8191,1906
10/5/2012,18550,8267,1985
10/4/2012,18640,8173,1931
10/3/2012,18615,8130,1920
10/2/2012,18830,8235,1950
10/1/2012,18475,8282,1945
9/28/2012,18515,8200,1967
9/27/2012,18150,8323,1974
9/26/2012,17925,8223,1985
9/25/2012,18270,8293,1950
9/24/2012,17805,8400,1950
9/21/2012,18000,8055,1995
9/20/2012,17595,8100,1995
9/19/2012,17775,8080,2025
9/18/2012,17795,8032,1990
9/17/2012,17950,7844,2058
9/14/2012,17520,7670,1988
9/13/2012,16675,7606,1920
9/12/2012,16820,7640,1925
9/11/2012,16620,7649,1900
9/10/2012,16520,7576,1875
9/7/2012,16150,7611,1830
9/6/2012,16100,7524,1820
9/5/2012,15830,7606,1790
9/4/2012,16095,7600,1790
9/3/2012,16100,7667,1760
8/31/2012,15870,7571,1750
8/30/2012,16270,7510,1759
8/29/2012,16230,7431,1751
8/28/2012,16200,7496,1755
8/24/2012,16425,7385,1755
8/23/2012,16130,7385,1765
8/22/2012,15750,7406,1745
8/21/2012,15605,7426,1725
8/20/2012,15325,7430,1720
8/17/2012,15430,7495,1730
8/16/2012,15185,7580,1725
8/15/2012,15225,7519,1700
8/14/2012,15550,7555,1740
8/13/2012,15300,7510,1745
8/10/2012,15220,7440,1740
8/9/2012,15445,7396,1750
7/31/2012,15995,7386,1745
7/30/2012,16015,7620,1746
7/27/2012,15855,7765,1760
7/26/2012,15925,7595,1752
7/25/2012,15710,7670,1750
7/24/2012,15600,7635,1745
7/23/2012,15630,7689,1720
7/20/2012,15810,7505,1760
7/19/2012,16175,7525,1770
7/18/2012,15980,7555,1770
7/17/2012,16100,7520,1770
7/16/2012,15955,7595,1760
7/13/2012,16150,7761,1776
7/12/2012,15835,7695,1760
7/11/2012,16160,7776,1774
7/10/2012,16175,7647,1755
7/9/2012,16240,7604,1770
7/6/2012,16455,7420,1775
7/5/2012,16910,7353,1770
7/4/2012,16980,7346,1790
7/3/2012,17100,7342,1795
7/2/2012,16570,7319,1775
6/29/2012,16470,7426,1750
6/28/2012,16360,7555,1761
6/27/2012,16175,7505,1745
6/26/2012,16250,7475,1751
6/25/2012,16325,7520,1761
6/22/2012,16265,7376,1770
6/21/2012,16775,7397,1790
6/20/2012,17035,7384,1770
6/19/2012,16670,7396,1805
6/18/2012,16620,7251,1810
6/15/2012,16605,7480,1830
6/14/2012,16750,7459,1821
6/13/2012,17080,7364,1800
6/12/2012,17080,7516,1820
6/11/2012,16810,7540,1836
6/8/2012,16330,7685,1820
6/7/2012,16440,7738,1860
6/6/2012,16055,7695,1860
6/1/2012,16020,7660,1870
5/31/2012,16370,7630,1895
5/30/2012,16385,7770,1855
5/29/2012,16880,7800,1881
5/28/2012,16975,7795,1886
5/25/2012,16975,7707,1880
5/24/2012,16910,7709,1886
5/23/2012,16875,7853,1885
5/22/2012,17025,7979,1913
5/21/2012,16770,8080,1890
5/18/2012,17100,8195,1900
5/17/2012,16900,8088,1882
5/16/2012,16945,8233,1885
5/15/2012,16980,8296,1885
5/14/2012,16975,8316,1880
5/11/2012,17020,8400,1900
5/10/2012,17130,8527,1880
5/9/2012,17025,8529,1891
5/8/2012,17400,8443,1931
5/4/2012,17365,8355,1925
5/3/2012,17375,8285,1950
5/2/2012,17425,8194,1970
5/1/2012,17520,8120,1968
4/30/2012,17830,8120,1960
4/27/2012,18250,8045,1981
4/26/2012,17960,8080,1961
4/25/2012,17480,8100,1960
4/24/2012,17595,8054,1959
4/23/2012,17590,8165,1950
4/20/2012,17740,8180,1955
4/19/2012,17600,8110,1930
4/18/2012,17710,8256,1945
4/17/2012,17750,8365,1965
4/16/2012,17940,8451,1945
4/13/2012,18395,8575,1965
4/12/2012,18195,8479,1950
4/11/2012,17900,8480,1946
4/10/2012,18005,8360,1960
4/5/2012,17860,8480,1970
4/4/2012,18030,8510,2000
4/3/2012,18320,8480,1990
4/2/2012,17775,8400,2010
3/30/2012,17425,8320,2020
3/29/2012,17400,8470,2011
3/28/2012,17715,8436,2025
3/27/2012,18025,8574,2021
3/26/2012,18185,8620,1990
3/23/2012,18300,8490,2038
3/22/2012,18465,8468,2020
3/21/2012,18875,8528,2040
3/20/2012,18765,8401,2089
3/19/2012,18750,8390,2075
3/16/2012,19195,8388,2082
3/15/2012,19190,8260,2059
3/14/2012,19345,8335,2050
3/13/2012,19240,8502,2060
3/12/2012,18995,8575,2099
3/9/2012,18745,8570,2090
3/8/2012,18995,8583,2130
3/7/2012,18770,8655,2102
3/6/2012,18695,8436,2121
3/5/2012,19235,8440,2165
3/2/2012,19385,8407,2200
3/1/2012,19740,8391,2170
2/29/2012,19905,8324,2180
2/28/2012,20205,8232,2205
2/27/2012,19830,8370,2172
2/24/2012,19900,8209,2184
2/23/2012,19975,8395,2120
2/22/2012,20095,8400,2136
2/21/2012,19985,8511,2096
2/20/2012,19595,8590,2071
2/17/2012,19730,8520,2035
2/16/2012,19750,8586,2020
2/15/2012,20345,8335,2082
2/14/2012,20200,8462,2075
2/13/2012,20975,8315,2050
2/10/2012,21025,8339,2160
2/9/2012,21345,8351,2180
2/8/2012,21825,8485,2190
2/7/2012,21295,8398,2125
2/6/2012,21100,8610,2070
2/3/2012,20775,8555,2130
2/2/2012,20900,8270,2120
2/1/2012,20865,8267,2090
1/31/2012,21125,8332,2136
1/30/2012,21365,8230,2090
1/27/2012,21665,8350,2086
1/26/2012,21345,8156,2079
1/25/2012,20505,8185,2051
1/24/2012,20290,8020,2066
1/23/2012,20615,7965,2083
1/20/2012,20150,7946,2045
1/19/2012,19670,7689,2070
1/18/2012,19455,7641,2055
1/17/2012,19475,7503,2070
1/16/2012,19265,7514,2035
1/13/2012,19625,7470,2056
1/12/2012,19570,7652,2091
1/11/2012,19355,7660,2075
